timeStamp,elapsed,label,responseCode,responseMessage,threadName,dataType,success,failureMessage,bytes,sentBytes,grpThreads,allThreads,URL,Latency,IdleTime,Connect
1712293478058,1257,worldline,200,OK,Thread Group 1-23,text,true,,225710,230,100,100,https://worldline.com/,70,0,40
1712293478058,71,worldline-0,301,Moved Permanently,Thread Group 1-23,,true,,309,115,100,100,http://worldline.com/,70,0,40
1712293478134,1181,worldline-1,200,OK,Thread Group 1-23,text,true,,225401,115,100,100,https://worldline.com/,1133,0,956
1712293479318,247,online payments worldline,200,OK,Thread Group 1-23,text,true,,183252,364,100,100,https://worldline.com/en-in/home/main-navigation/solutions/merchants/online-payments.html,16,0,8
1712293479318,16,online payments worldline-0,301,Moved Permanently,Thread Group 1-23,,true,,376,182,100,100,http://worldline.com/en-in/home/main-navigation/solutions/merchants/online-payments.html,16,0,8
1712293479334,231,online payments worldline-1,200,OK,Thread Group 1-23,text,true,,182876,182,100,100,https://worldline.com/en-in/home/main-navigation/solutions/merchants/online-payments.html,185,0,0
1712293478038,2842,worldline,200,OK,Thread Group 1-21,text,true,,225972,230,99,99,https://worldline.com/,90,0,60
1712293478038,91,worldline-0,301,Moved Permanently,Thread Group 1-21,,true,,309,115,99,99,http://worldline.com/,90,0,60
1712293478133,2747,worldline-1,200,OK,Thread Group 1-21,text,true,,225663,115,99,99,https://worldline.com/,2147,0,961
1712293478289,2649,worldline,200,OK,Thread Group 1-46,text,true,,225494,230,99,99,https://worldline.com/,13,0,7
1712293478289,13,worldline-0,301,Moved Permanently,Thread Group 1-46,,true,,309,115,99,99,http://worldline.com/,13,0,7
1712293478303,2635,worldline-1,200,OK,Thread Group 1-46,text,true,,225185,115,99,99,https://worldline.com/,1834,0,790
1712293478377,2604,worldline,200,OK,Thread Group 1-55,text,true,,226019,230,99,99,https://worldline.com/,20,0,12
1712293478377,20,worldline-0,301,Moved Permanently,Thread Group 1-55,,true,,309,115,99,99,http://worldline.com/,20,0,12
1712293478397,2584,worldline-1,200,OK,Thread Group 1-55,text,true,,225710,115,99,99,https://worldline.com/,1528,0,698
1712293478487,2520,worldline,200,OK,Thread Group 1-66,text,true,,225711,230,99,99,https://worldline.com/,18,0,9
1712293478487,18,worldline-0,301,Moved Permanently,Thread Group 1-66,,true,,309,115,99,99,http://worldline.com/,18,0,9
1712293478506,2501,worldline-1,200,OK,Thread Group 1-66,text,true,,225402,115,99,99,https://worldline.com/,1663,0,587
1712293478126,2888,worldline,200,OK,Thread Group 1-30,text,true,,225711,230,99,99,https://worldline.com/,20,0,11
1712293478126,20,worldline-0,301,Moved Permanently,Thread Group 1-30,,true,,309,115,99,99,http://worldline.com/,20,0,11
1712293478147,2867,worldline-1,200,OK,Thread Group 1-30,text,true,,225402,115,99,99,https://worldline.com/,2009,0,945
1712293478739,2425,worldline,200,OK,Thread Group 1-90,text,true,,225717,230,99,99,https://worldline.com/,27,0,17
1712293478739,27,worldline-0,301,Moved Permanently,Thread Group 1-90,,true,,309,115,99,99,http://worldline.com/,27,0,17
1712293478767,2397,worldline-1,200,OK,Thread Group 1-90,text,true,,225408,115,99,99,https://worldline.com/,1244,0,326
1712293478787,2486,worldline,200,OK,Thread Group 1-96,text,true,,225501,230,99,99,https://worldline.com/,19,0,10
1712293478787,19,worldline-0,301,Moved Permanently,Thread Group 1-96,,true,,309,115,99,99,http://worldline.com/,19,0,10
1712293478806,2467,worldline-1,200,OK,Thread Group 1-96,text,true,,225192,115,99,99,https://worldline.com/,663,0,284
1712293478637,2771,worldline,200,OK,Thread Group 1-81,text,true,,225749,230,99,99,https://worldline.com/,16,0,7
1712293478637,16,worldline-0,301,Moved Permanently,Thread Group 1-81,,true,,309,115,99,99,http://worldline.com/,16,0,7
1712293478653,2755,worldline-1,200,OK,Thread Group 1-81,text,true,,225440,115,99,99,https://worldline.com/,2326,0,1978
1712293478816,2794,worldline,200,OK,Thread Group 1-99,text,true,,225508,230,99,99,https://worldline.com/,12,0,5
1712293478816,12,worldline-0,301,Moved Permanently,Thread Group 1-99,,true,,309,115,99,99,http://worldline.com/,12,0,5
1712293478829,2781,worldline-1,200,OK,Thread Group 1-99,text,true,,225199,115,99,99,https://worldline.com/,604,0,262
1712293478702,2947,worldline,200,OK,Thread Group 1-86,text,true,,225495,230,99,99,https://worldline.com/,14,0,7
1712293478702,14,worldline-0,301,Moved Permanently,Thread Group 1-86,,true,,309,115,99,99,http://worldline.com/,14,0,7
1712293478717,2932,worldline-1,200,OK,Thread Group 1-86,text,true,,225186,115,99,99,https://worldline.com/,754,0,374
1712293478798,2874,worldline,200,OK,Thread Group 1-97,text,true,,225685,230,99,99,https://worldline.com/,15,0,7
1712293478798,15,worldline-0,301,Moved Permanently,Thread Group 1-97,,true,,309,115,99,99,http://worldline.com/,15,0,7
1712293478814,2858,worldline-1,200,OK,Thread Group 1-97,text,true,,225376,115,99,99,https://worldline.com/,618,0,277
1712293480881,868,online payments worldline,200,OK,Thread Group 1-21,text,true,,183296,364,99,99,https://worldline.com/en-in/home/main-navigation/solutions/merchants/online-payments.html,179,0,89
1712293480881,179,online payments worldline-0,301,Moved Permanently,Thread Group 1-21,,true,,376,182,99,99,http://worldline.com/en-in/home/main-navigation/solutions/merchants/online-payments.html,179,0,89
1712293481060,689,online payments worldline-1,200,OK,Thread Group 1-21,text,true,,182920,182,99,99,https://worldline.com/en-in/home/main-navigation/solutions/merchants/online-payments.html,328,0,0
1712293481016,823,online payments worldline,200,OK,Thread Group 1-30,text,true,,183321,364,98,98,https://worldline.com/en-in/home/main-navigation/solutions/merchants/online-payments.html,183,0,91
1712293478456,3384,worldline,200,OK,Thread Group 1-63,text,true,,226009,230,98,98,https://worldline.com/,13,0,6
1712293481016,183,online payments worldline-0,301,Moved Permanently,Thread Group 1-30,,true,,376,182,98,98,http://worldline.com/en-in/home/main-navigation/solutions/merchants/online-payments.html,183,0,91
1712293478456,13,worldline-0,301,Moved Permanently,Thread Group 1-63,,true,,309,115,98,98,http://worldline.com/,13,0,6
1712293481200,639,online payments worldline-1,200,OK,Thread Group 1-30,text,true,,182945,182,98,98,https://worldline.com/en-in/home/main-navigation/solutions/merchants/online-payments.html,347,0,0
1712293478469,3371,worldline-1,200,OK,Thread Group 1-63,text,true,,225700,115,98,98,https://worldline.com/,1535,0,623
1712293480939,946,online payments worldline,200,OK,Thread Group 1-46,text,true,,183197,364,97,97,https://worldline.com/en-in/home/main-navigation/solutions/merchants/online-payments.html,180,0,87
1712293480939,180,online payments worldline-0,301,Moved Permanently,Thread Group 1-46,,true,,376,182,97,97,http://worldline.com/en-in/home/main-navigation/solutions/merchants/online-payments.html,180,0,87
1712293481119,766,online payments worldline-1,200,OK,Thread Group 1-46,text,true,,182821,182,97,97,https://worldline.com/en-in/home/main-navigation/solutions/merchants/online-payments.html,514,0,0
1712293478308,3798,worldline,200,OK,Thread Group 1-48,text,true,,225485,230,96,96,https://worldline.com/,19,0,9
1712293478308,19,worldline-0,301,Moved Permanently,Thread Group 1-48,,true,,309,115,96,96,http://worldline.com/,19,0,9
1712293478327,3779,worldline-1,200,OK,Thread Group 1-48,text,true,,225176,115,96,96,https://worldline.com/,1107,0,763
1712293478106,4177,worldline,200,OK,Thread Group 1-28,text,true,,226001,230,96,96,https://worldline.com/,31,0,15
1712293478106,31,worldline-0,301,Moved Permanently,Thread Group 1-28,,true,,309,115,96,96,http://worldline.com/,31,0,15
1712293478138,4145,worldline-1,200,OK,Thread Group 1-28,text,true,,225692,115,96,96,https://worldline.com/,1296,0,954
1712293478608,3676,worldline,200,OK,Thread Group 1-78,text,true,,226018,230,96,96,https://worldline.com/,18,0,10
1712293478608,18,worldline-0,301,Moved Permanently,Thread Group 1-78,,true,,309,115,96,96,http://worldline.com/,18,0,10
1712293478627,3657,worldline-1,200,OK,Thread Group 1-78,text,true,,225709,115,96,96,https://worldline.com/,1514,0,464
1712293480982,1444,online payments worldline,200,OK,Thread Group 1-55,text,true,,183345,364,96,96,https://worldline.com/en-in/home/main-navigation/solutions/merchants/online-payments.html,671,0,92
1712293480982,671,online payments worldline-0,301,Moved Permanently,Thread Group 1-55,,true,,376,182,96,96,http://worldline.com/en-in/home/main-navigation/solutions/merchants/online-payments.html,671,0,92
1712293481653,773,online payments worldline-1,200,OK,Thread Group 1-55,text,true,,182969,182,96,96,https://worldline.com/en-in/home/main-navigation/solutions/merchants/online-payments.html,243,0,0
1712293481165,1286,online payments worldline,200,OK,Thread Group 1-90,text,true,,183276,364,95,95,https://worldline.com/en-in/home/main-navigation/solutions/merchants/online-payments.html,183,0,91
1712293481165,183,online payments worldline-0,301,Moved Permanently,Thread Group 1-90,,true,,376,182,95,95,http://worldline.com/en-in/home/main-navigation/solutions/merchants/online-payments.html,183,0,91
1712293481348,1103,online payments worldline-1,200,OK,Thread Group 1-90,text,true,,182900,182,95,95,https://worldline.com/en-in/home/main-navigation/solutions/merchants/online-payments.html,379,0,0
1712293481008,1536,online payments worldline,200,OK,Thread Group 1-66,text,true,,183242,364,94,94,https://worldline.com/en-in/home/main-navigation/solutions/merchants/online-payments.html,185,0,91
1712293481008,185,online payments worldline-0,301,Moved Permanently,Thread Group 1-66,,true,,376,182,94,94,http://worldline.com/en-in/home/main-navigation/solutions/merchants/online-payments.html,185,0,91
1712293481193,1351,online payments worldline-1,200,OK,Thread Group 1-66,text,true,,182866,182,94,94,https://worldline.com/en-in/home/main-navigation/solutions/merchants/online-payments.html,435,0,0
1712293478336,4221,worldline,200,OK,Thread Group 1-51,text,true,,225702,230,93,93,https://worldline.com/,18,0,8
1712293478336,18,worldline-0,301,Moved Permanently,Thread Group 1-51,,true,,309,115,93,93,http://worldline.com/,18,0,8
1712293478355,4202,worldline-1,200,OK,Thread Group 1-51,text,true,,225393,115,93,93,https://worldline.com/,1619,0,737
1712293478788,3790,worldline,200,OK,Thread Group 1-93,text,true,,225703,230,93,93,https://worldline.com/,15,0,7
1712293478788,15,worldline-0,301,Moved Permanently,Thread Group 1-93,,true,,309,115,93,93,http://worldline.com/,15,0,7
1712293478804,3774,worldline-1,200,OK,Thread Group 1-93,text,true,,225394,115,93,93,https://worldline.com/,1157,0,290
1712293478206,4404,worldline,200,OK,Thread Group 1-38,text,true,,226032,230,93,93,https://worldline.com/,15,0,8
1712293478206,15,worldline-0,301,Moved Permanently,Thread Group 1-38,,true,,309,115,93,93,http://worldline.com/,15,0,8
1712293478222,4388,worldline-1,200,OK,Thread Group 1-38,text,true,,225723,115,93,93,https://worldline.com/,3577,0,873
1712293478300,4388,worldline,200,OK,Thread Group 1-47,text,true,,225696,230,93,93,https://worldline.com/,13,0,7
1712293478300,13,worldline-0,301,Moved Permanently,Thread Group 1-47,,true,,309,115,93,93,http://worldline.com/,13,0,7
1712293478314,4374,worldline-1,200,OK,Thread Group 1-47,text,true,,225387,115,93,93,https://worldline.com/,3595,0,781
1712293478330,4426,worldline,200,OK,Thread Group 1-50,text,true,,225719,230,93,93,https://worldline.com/,18,0,7
1712293478330,18,worldline-0,301,Moved Permanently,Thread Group 1-50,,true,,309,115,93,93,http://worldline.com/,18,0,7
1712293478349,4407,worldline-1,200,OK,Thread Group 1-50,text,true,,225410,115,93,93,https://worldline.com/,1123,0,742
1712293478358,4434,worldline,200,OK,Thread Group 1-53,text,true,,225487,230,93,93,https://worldline.com/,17,0,7
1712293478358,17,worldline-0,301,Moved Permanently,Thread Group 1-53,,true,,309,115,93,93,http://worldline.com/,17,0,7
1712293478376,4416,worldline-1,200,OK,Thread Group 1-53,text,true,,225178,115,93,93,https://worldline.com/,3753,0,3500
1712293481650,1166,online payments worldline,200,OK,Thread Group 1-86,text,true,,183291,364,93,93,https://worldline.com/en-in/home/main-navigation/solutions/merchants/online-payments.html,176,0,93
1712293481650,176,online payments worldline-0,301,Moved Permanently,Thread Group 1-86,,true,,376,182,93,93,http://worldline.com/en-in/home/main-navigation/solutions/merchants/online-payments.html,176,0,93
1712293481827,989,online payments worldline-1,200,OK,Thread Group 1-86,text,true,,182915,182,93,93,https://worldline.com/en-in/home/main-navigation/solutions/merchants/online-payments.html,437,0,0
1712293478549,4279,worldline,200,OK,Thread Group 1-72,text,true,,226033,230,92,92,https://worldline.com/,21,0,11
1712293478549,21,worldline-0,301,Moved Permanently,Thread Group 1-72,,true,,309,115,92,92,http://worldline.com/,21,0,11
1712293478570,4258,worldline-1,200,OK,Thread Group 1-72,text,true,,225724,115,92,92,https://worldline.com/,1624,0,523
1712293478746,4087,worldline,200,OK,Thread Group 1-92,text,true,,225725,230,92,92,https://worldline.com/,12,0,6
1712293478746,12,worldline-0,301,Moved Permanently,Thread Group 1-92,,true,,309,115,92,92,http://worldline.com/,12,0,6
1712293478759,4074,worldline-1,200,OK,Thread Group 1-92,text,true,,225416,115,92,92,https://worldline.com/,1404,0,332
1712293478022,5118,worldline,200,OK,Thread Group 1-11,text,true,,225495,230,92,92,https://worldline.com/,101,0,76
1712293478022,107,worldline-0,301,Moved Permanently,Thread Group 1-11,,true,,309,115,92,92,http://worldline.com/,101,0,76
1712293478135,5005,worldline-1,200,OK,Thread Group 1-11,text,true,,225186,115,92,92,https://worldline.com/,2072,0,959
1712293478277,4873,worldline,200,OK,Thread Group 1-45,text,true,,226001,230,92,92,https://worldline.com/,12,0,7
1712293478277,12,worldline-0,301,Moved Permanently,Thread Group 1-45,,true,,309,115,92,92,http://worldline.com/,12,0,7
1712293478290,4860,worldline-1,200,OK,Thread Group 1-45,text,true,,225692,115,92,92,https://worldline.com/,1180,0,802
1712293478826,4537,worldline,200,OK,Thread Group 1-100,text,true,,225695,230,92,92,https://worldline.com/,14,0,6
1712293478826,14,worldline-0,301,Moved Permanently,Thread Group 1-100,,true,,309,115,92,92,http://worldline.com/,14,0,6
1712293478840,4523,worldline-1,200,OK,Thread Group 1-100,text,true,,225386,115,92,92,https://worldline.com/,630,0,251
1712293482612,965,online payments worldline,200,OK,Thread Group 1-38,text,true,,183259,364,92,92,https://worldline.com/en-in/home/main-navigation/solutions/merchants/online-payments.html,167,0,86
1712293482612,167,online payments worldline-0,301,Moved Permanently,Thread Group 1-38,,true,,376,182,92,92,http://worldline.com/en-in/home/main-navigation/solutions/merchants/online-payments.html,167,0,86
1712293482780,797,online payments worldline-1,200,OK,Thread Group 1-38,text,true,,182883,182,92,92,https://worldline.com/en-in/home/main-navigation/solutions/merchants/online-payments.html,426,0,0
1712293482689,908,online payments worldline,200,OK,Thread Group 1-47,text,true,,183268,364,91,91,https://worldline.com/en-in/home/main-navigation/solutions/merchants/online-payments.html,162,0,81
1712293482689,162,online payments worldline-0,301,Moved Permanently,Thread Group 1-47,,true,,376,182,91,91,http://worldline.com/en-in/home/main-navigation/solutions/merchants/online-payments.html,162,0,81
1712293482851,746,online payments worldline-1,200,OK,Thread Group 1-47,text,true,,182892,182,91,91,https://worldline.com/en-in/home/main-navigation/solutions/merchants/online-payments.html,355,0,0
1712293482793,809,online payments worldline,200,OK,Thread Group 1-53,text,true,,183329,364,90,90,https://worldline.com/en-in/home/main-navigation/solutions/merchants/online-payments.html,175,0,85
1712293482793,175,online payments worldline-0,301,Moved Permanently,Thread Group 1-53,,true,,376,182,90,90,http://worldline.com/en-in/home/main-navigation/solutions/merchants/online-payments.html,175,0,85
1712293482969,633,online payments worldline-1,200,OK,Thread Group 1-53,text,true,,182953,182,90,90,https://worldline.com/en-in/home/main-navigation/solutions/merchants/online-payments.html,334,0,0
1712293478177,5433,worldline,200,OK,Thread Group 1-35,text,true,,225979,230,89,89,https://worldline.com/,13,0,6
1712293478177,13,worldline-0,301,Moved Permanently,Thread Group 1-35,,true,,309,115,89,89,http://worldline.com/,13,0,6
1712293478191,5419,worldline-1,200,OK,Thread Group 1-35,text,true,,225670,115,89,89,https://worldline.com/,1737,0,902
1712293478022,5618,worldline,200,OK,Thread Group 1-5,text,true,,225710,230,89,89,https://worldline.com/,105,0,75
1712293478022,107,worldline-0,301,Moved Permanently,Thread Group 1-5,,true,,309,115,89,89,http://worldline.com/,105,0,75
1712293478134,5506,worldline-1,200,OK,Thread Group 1-5,text,true,,225401,115,89,89,https://worldline.com/,1338,0,957
1712293478018,5643,worldline,200,OK,Thread Group 1-14,text,true,,226027,230,89,89,https://worldline.com/,107,0,74
1712293478018,111,worldline-0,301,Moved Permanently,Thread Group 1-14,,true,,309,115,89,89,http://worldline.com/,107,0,74
1712293478134,5527,worldline-1,200,OK,Thread Group 1-14,text,true,,225718,115,89,89,https://worldline.com/,2211,0,958
1712293478186,5478,worldline,200,OK,Thread Group 1-36,text,true,,225993,230,89,89,https://worldline.com/,15,0,7
1712293478186,15,worldline-0,301,Moved Permanently,Thread Group 1-36,,true,,309,115,89,89,http://worldline.com/,15,0,7
1712293478202,5462,worldline-1,200,OK,Thread Group 1-36,text,true,,225684,115,89,89,https://worldline.com/,4899,0,4485
1712293478018,5730,worldline,200,OK,Thread Group 1-18,text,true,,226001,230,89,89,https://worldline.com/,108,0,79
1712293478018,111,worldline-0,301,Moved Permanently,Thread Group 1-18,,true,,309,115,89,89,http://worldline.com/,108,0,79
1712293478132,5616,worldline-1,200,OK,Thread Group 1-18,text,true,,225692,115,89,89,https://worldline.com/,5223,0,4698
1712293481408,2356,online payments worldline,200,OK,Thread Group 1-81,text,true,,183283,364,89,89,https://worldline.com/en-in/home/main-navigation/solutions/merchants/online-payments.html,1182,0,1096
1712293481408,1182,online payments worldline-0,301,Moved Permanently,Thread Group 1-81,,true,,376,182,89,89,http://worldline.com/en-in/home/main-navigation/solutions/merchants/online-payments.html,1182,0,1096
1712293482591,1173,online payments worldline-1,200,OK,Thread Group 1-81,text,true,,182907,182,89,89,https://worldline.com/en-in/home/main-navigation/solutions/merchants/online-payments.html,228,0,0
1712293478018,5764,worldline,200,OK,Thread Group 1-10,text,true,,226018,230,88,88,https://worldline.com/,110,0,80
1712293478018,111,worldline-0,301,Moved Permanently,Thread Group 1-10,,true,,309,115,88,88,http://worldline.com/,110,0,80
1712293478134,5648,worldline-1,200,OK,Thread Group 1-10,text,true,,225709,115,88,88,https://worldline.com/,5245,0,4729
1712293478469,5520,worldline,200,OK,Thread Group 1-64,text,true,,225456,230,88,88,https://worldline.com/,17,0,10
1712293478469,17,worldline-0,301,Moved Permanently,Thread Group 1-64,,true,,309,115,88,88,http://worldline.com/,17,0,10
1712293478487,5502,worldline-1,200,OK,Thread Group 1-64,text,true,,225147,115,88,88,https://worldline.com/,1507,0,607
1712293478022,6048,worldline,200,OK,Thread Group 1-4,text,true,,225999,230,88,88,https://worldline.com/,106,0,76
1712293478022,107,worldline-0,301,Moved Permanently,Thread Group 1-4,,true,,309,115,88,88,http://worldline.com/,106,0,76
1712293478132,5938,worldline-1,200,OK,Thread Group 1-4,text,true,,225690,115,88,88,https://worldline.com/,1806,0,960
1712293478087,6220,worldline,200,OK,Thread Group 1-26,text,true,,225687,230,88,88,https://worldline.com/,36,0,11
1712293478087,42,worldline-0,301,Moved Permanently,Thread Group 1-26,,true,,309,115,88,88,http://worldline.com/,36,0,11
1712293478132,6175,worldline-1,200,OK,Thread Group 1-26,text,true,,225378,115,88,88,https://worldline.com/,1304,0,958
1712293483665,679,online payments worldline,200,OK,Thread Group 1-36,text,true,,183282,364,88,88,https://worldline.com/en-in/home/main-navigation/solutions/merchants/online-payments.html,148,0,79
1712293483665,148,online payments worldline-0,301,Moved Permanently,Thread Group 1-36,,true,,376,182,88,88,http://worldline.com/en-in/home/main-navigation/solutions/merchants/online-payments.html,148,0,79
1712293483814,530,online payments worldline-1,200,OK,Thread Group 1-36,text,true,,182906,182,88,88,https://worldline.com/en-in/home/main-navigation/solutions/merchants/online-payments.html,220,0,0
1712293481842,2522,online payments worldline,200,OK,Thread Group 1-63,text,true,,183353,364,87,87,https://worldline.com/en-in/home/main-navigation/solutions/merchants/online-payments.html,182,0,89
1712293481842,182,online payments worldline-0,301,Moved Permanently,Thread Group 1-63,,true,,376,182,87,87,http://worldline.com/en-in/home/main-navigation/solutions/merchants/online-payments.html,182,0,89
1712293482024,2340,online payments worldline-1,200,OK,Thread Group 1-63,text,true,,182977,182,87,87,https://worldline.com/en-in/home/main-navigation/solutions/merchants/online-payments.html,499,0,0
1712293483784,643,online payments worldline,200,OK,Thread Group 1-10,text,true,,183282,364,86,86,https://worldline.com/en-in/home/main-navigation/solutions/merchants/online-payments.html,123,0,61
1712293483784,123,online payments worldline-0,301,Moved Permanently,Thread Group 1-10,,true,,376,182,86,86,http://worldline.com/en-in/home/main-navigation/solutions/merchants/online-payments.html,123,0,61
1712293483907,520,online payments worldline-1,200,OK,Thread Group 1-10,text,true,,182906,182,86,86,https://worldline.com/en-in/home/main-navigation/solutions/merchants/online-payments.html,422,0,0
1712293478247,6232,worldline,200,OK,Thread Group 1-42,text,true,,225471,230,85,85,https://worldline.com/,16,0,8
1712293478247,16,worldline-0,301,Moved Permanently,Thread Group 1-42,,true,,309,115,85,85,http://worldline.com/,16,0,8
1712293478264,6215,worldline-1,200,OK,Thread Group 1-42,text,true,,225162,115,85,85,https://worldline.com/,1697,0,830
1712293483750,734,online payments worldline,200,OK,Thread Group 1-18,text,true,,183284,364,85,85,https://worldline.com/en-in/home/main-navigation/solutions/merchants/online-payments.html,130,0,70
1712293483750,130,online payments worldline-0,301,Moved Permanently,Thread Group 1-18,,true,,376,182,85,85,http://worldline.com/en-in/home/main-navigation/solutions/merchants/online-payments.html,130,0,70
1712293483881,603,online payments worldline-1,200,OK,Thread Group 1-18,text,true,,182908,182,85,85,https://worldline.com/en-in/home/main-navigation/solutions/merchants/online-payments.html,507,0,0
1712293478563,5924,worldline,200,OK,Thread Group 1-73,text,true,,225478,230,84,84,https://worldline.com/,18,0,7
1712293478563,18,worldline-0,301,Moved Permanently,Thread Group 1-73,,true,,309,115,84,84,http://worldline.com/,18,0,7
1712293478582,5905,worldline-1,200,OK,Thread Group 1-73,text,true,,225169,115,84,84,https://worldline.com/,1419,0,511
1712293478227,6368,worldline,200,OK,Thread Group 1-40,text,true,,225971,230,84,84,https://worldline.com/,14,0,7
1712293478227,14,worldline-0,301,Moved Permanently,Thread Group 1-40,,true,,309,115,84,84,http://worldline.com/,14,0,7
1712293478242,6353,worldline-1,200,OK,Thread Group 1-40,text,true,,225662,115,84,84,https://worldline.com/,1925,0,849
1712293478078,6556,worldline,200,OK,Thread Group 1-25,text,true,,225956,230,84,84,https://worldline.com/,47,0,20
1712293478078,51,worldline-0,301,Moved Permanently,Thread Group 1-25,,true,,309,115,84,84,http://worldline.com/,47,0,20
1712293478135,6499,worldline-1,200,OK,Thread Group 1-25,text,true,,225647,115,84,84,https://worldline.com/,1300,0,955
1712293478148,6566,worldline,200,OK,Thread Group 1-32,text,true,,225972,230,84,84,https://worldline.com/,13,0,6
1712293478148,13,worldline-0,301,Moved Permanently,Thread Group 1-32,,true,,309,115,84,84,http://worldline.com/,13,0,6
1712293478161,6553,worldline-1,200,OK,Thread Group 1-32,text,true,,225663,115,84,84,https://worldline.com/,1823,0,930
1712293478448,6388,worldline,200,OK,Thread Group 1-62,text,true,,225688,230,84,84,https://worldline.com/,12,0,5
1712293478448,12,worldline-0,301,Moved Permanently,Thread Group 1-62,,true,,309,115,84,84,http://worldline.com/,12,0,5
1712293478461,6375,worldline-1,200,OK,Thread Group 1-62,text,true,,225379,115,84,84,https://worldline.com/,1673,0,631
1712293482580,2271,online payments worldline,200,OK,Thread Group 1-93,text,true,,183275,364,84,84,https://worldline.com/en-in/home/main-navigation/solutions/merchants/online-payments.html,176,0,88
1712293482580,176,online payments worldline-0,301,Moved Permanently,Thread Group 1-93,,true,,376,182,84,84,http://worldline.com/en-in/home/main-navigation/solutions/merchants/online-payments.html,176,0,88
1712293482756,2095,online payments worldline-1,200,OK,Thread Group 1-93,text,true,,182899,182,84,84,https://worldline.com/en-in/home/main-navigation/solutions/merchants/online-payments.html,442,0,0
1712293478018,6843,worldline,200,OK,Thread Group 1-7,text,true,,225987,230,83,83,https://worldline.com/,110,0,80
1712293478018,111,worldline-0,301,Moved Permanently,Thread Group 1-7,,true,,309,115,83,83,http://worldline.com/,110,0,80
1712293478135,6726,worldline-1,200,OK,Thread Group 1-7,text,true,,225678,115,83,83,https://worldline.com/,2024,0,956
1712293478743,6123,worldline,200,OK,Thread Group 1-91,text,true,,225987,230,83,83,https://worldline.com/,13,0,6
1712293478743,13,worldline-0,301,Moved Permanently,Thread Group 1-91,,true,,309,115,83,83,http://worldline.com/,13,0,6
1712293478757,6109,worldline-1,200,OK,Thread Group 1-91,text,true,,225678,115,83,83,https://worldline.com/,1222,0,337
1712293478657,6211,worldline,200,OK,Thread Group 1-83,text,true,,225688,230,83,83,https://worldline.com/,13,0,6
1712293478657,13,worldline-0,301,Moved Permanently,Thread Group 1-83,,true,,309,115,83,83,http://worldline.com/,13,0,6
1712293478671,6197,worldline-1,200,OK,Thread Group 1-83,text,true,,225379,115,83,83,https://worldline.com/,762,0,419
1712293478067,6814,worldline,200,OK,Thread Group 1-24,text,true,,225972,230,83,83,https://worldline.com/,58,0,25
1712293478067,62,worldline-0,301,Moved Permanently,Thread Group 1-24,,true,,309,115,83,83,http://worldline.com/,58,0,25
1712293478133,6748,worldline-1,200,OK,Thread Group 1-24,text,true,,225663,115,83,83,https://worldline.com/,1810,0,961
1712293478437,6463,worldline,200,OK,Thread Group 1-61,text,true,,225964,230,83,83,https://worldline.com/,14,0,6
1712293478437,14,worldline-0,301,Moved Permanently,Thread Group 1-61,,true,,309,115,83,83,http://worldline.com/,14,0,6
1712293478452,6448,worldline-1,200,OK,Thread Group 1-61,text,true,,225655,115,83,83,https://worldline.com/,1686,0,641
1712293478019,6893,worldline,200,OK,Thread Group 1-19,text,true,,225978,230,83,83,https://worldline.com/,107,0,72
1712293478019,110,worldline-0,301,Moved Permanently,Thread Group 1-19,,true,,309,115,83,83,http://worldline.com/,107,0,72
1712293478134,6778,worldline-1,200,OK,Thread Group 1-19,text,true,,225669,115,83,83,https://worldline.com/,1300,0,957
1712293478406,6526,worldline,200,OK,Thread Group 1-58,text,true,,226002,230,83,83,https://worldline.com/,17,0,6
1712293478406,17,worldline-0,301,Moved Permanently,Thread Group 1-58,,true,,309,115,83,83,http://worldline.com/,17,0,6
1712293478424,6508,worldline-1,200,OK,Thread Group 1-58,text,true,,225693,115,83,83,https://worldline.com/,1729,0,668
1712293478018,6930,worldline,200,OK,Thread Group 1-17,text,true,,225492,230,83,83,https://worldline.com/,110,0,79
1712293478018,111,worldline-0,301,Moved Permanently,Thread Group 1-17,,true,,309,115,83,83,http://worldline.com/,110,0,79
1712293478133,6815,worldline-1,200,OK,Thread Group 1-17,text,true,,225183,115,83,83,https://worldline.com/,1299,0,957
1712293482285,2679,online payments worldline,200,OK,Thread Group 1-78,text,true,,183281,364,83,83,https://worldline.com/en-in/home/main-navigation/solutions/merchants/online-payments.html,178,0,89
1712293482285,178,online payments worldline-0,301,Moved Permanently,Thread Group 1-78,,true,,376,182,83,83,http://worldline.com/en-in/home/main-navigation/solutions/merchants/online-payments.html,178,0,89
1712293482463,2501,online payments worldline-1,200,OK,Thread Group 1-78,text,true,,182905,182,83,83,https://worldline.com/en-in/home/main-navigation/solutions/merchants/online-payments.html,321,0,0
1712293478589,6517,worldline,200,OK,Thread Group 1-76,text,true,,225703,230,82,82,https://worldline.com/,14,0,7
1712293478589,14,worldline-0,301,Moved Permanently,Thread Group 1-76,,true,,309,115,82,82,http://worldline.com/,14,0,7
1712293478604,6502,worldline-1,200,OK,Thread Group 1-76,text,true,,225394,115,82,82,https://worldline.com/,2129,0,489
1712293478384,6724,worldline,200,OK,Thread Group 1-54,text,true,,225425,230,82,82,https://worldline.com/,19,0,10
1712293478384,19,worldline-0,301,Moved Permanently,Thread Group 1-54,,true,,309,115,82,82,http://worldline.com/,19,0,10
1712293478404,6704,worldline-1,200,OK,Thread Group 1-54,text,true,,225116,115,82,82,https://worldline.com/,1030,0,686
1712293482833,2302,online payments worldline,200,OK,Thread Group 1-92,text,true,,183297,364,82,82,https://worldline.com/en-in/home/main-navigation/solutions/merchants/online-payments.html,1138,0,1069
1712293482833,1138,online payments worldline-0,301,Moved Permanently,Thread Group 1-92,,true,,376,182,82,82,http://worldline.com/en-in/home/main-navigation/solutions/merchants/online-payments.html,1138,0,1069
1712293483972,1163,online payments worldline-1,200,OK,Thread Group 1-92,text,true,,182921,182,82,82,https://worldline.com/en-in/home/main-navigation/solutions/merchants/online-payments.html,407,0,0
1712293478739,6432,worldline,200,OK,Thread Group 1-89,text,true,,225678,230,81,81,https://worldline.com/,29,0,18
1712293478739,29,worldline-0,301,Moved Permanently,Thread Group 1-89,,true,,309,115,81,81,http://worldline.com/,29,0,18
1712293478769,6402,worldline-1,200,OK,Thread Group 1-89,text,true,,225369,115,81,81,https://worldline.com/,1552,0,325
1712293478268,7007,worldline,200,OK,Thread Group 1-44,text,true,,225994,230,81,81,https://worldline.com/,13,0,6
1712293478268,13,worldline-0,301,Moved Permanently,Thread Group 1-44,,true,,309,115,81,81,http://worldline.com/,13,0,6
1712293478281,6994,worldline-1,200,OK,Thread Group 1-44,text,true,,225685,115,81,81,https://worldline.com/,1657,0,814
1712293478022,7292,worldline,200,OK,Thread Group 1-2,text,true,,225456,230,81,81,https://worldline.com/,103,0,70
1712293478022,107,worldline-0,301,Moved Permanently,Thread Group 1-2,,true,,309,115,81,81,http://worldline.com/,103,0,70
1712293478134,7180,worldline-1,200,OK,Thread Group 1-2,text,true,,225147,115,81,81,https://worldline.com/,2130,0,959
1712293478347,7062,worldline,200,OK,Thread Group 1-52,text,true,,225695,230,81,81,https://worldline.com/,16,0,9
1712293478347,16,worldline-0,301,Moved Permanently,Thread Group 1-52,,true,,309,115,81,81,http://worldline.com/,16,0,9
1712293478364,7045,worldline-1,200,OK,Thread Group 1-52,text,true,,225386,115,81,81,https://worldline.com/,3396,0,731
1712293478256,7154,worldline,200,OK,Thread Group 1-43,text,true,,226000,230,81,81,https://worldline.com/,15,0,7
1712293478256,15,worldline-0,301,Moved Permanently,Thread Group 1-43,,true,,309,115,81,81,http://worldline.com/,15,0,7
1712293478272,7138,worldline-1,200,OK,Thread Group 1-43,text,true,,225691,115,81,81,https://worldline.com/,1718,0,821
1712293478022,7390,worldline,200,OK,Thread Group 1-8,text,true,,225696,230,81,81,https://worldline.com/,106,0,76
1712293478022,107,worldline-0,301,Moved Permanently,Thread Group 1-8,,true,,309,115,81,81,http://worldline.com/,106,0,76
1712293478133,7279,worldline-1,200,OK,Thread Group 1-8,text,true,,225387,115,81,81,https://worldline.com/,2225,0,961
1712293482829,2667,online payments worldline,200,OK,Thread Group 1-72,text,true,,183260,364,81,81,https://worldline.com/en-in/home/main-navigation/solutions/merchants/online-payments.html,178,0,87
1712293482829,178,online payments worldline-0,301,Moved Permanently,Thread Group 1-72,,true,,376,182,81,81,http://worldline.com/en-in/home/main-navigation/solutions/merchants/online-payments.html,178,0,87
1712293483008,2488,online payments worldline-1,200,OK,Thread Group 1-72,text,true,,182884,182,81,81,https://worldline.com/en-in/home/main-navigation/solutions/merchants/online-payments.html,521,0,0
1712293478678,6850,worldline,200,OK,Thread Group 1-85,text,true,,225979,230,80,80,https://worldline.com/,12,0,5
1712293478678,12,worldline-0,301,Moved Permanently,Thread Group 1-85,,true,,309,115,80,80,http://worldline.com/,12,0,5
1712293478691,6837,worldline-1,200,OK,Thread Group 1-85,text,true,,225670,115,80,80,https://worldline.com/,1996,0,1675
1712293478597,6949,worldline,200,OK,Thread Group 1-77,text,true,,225987,230,80,80,https://worldline.com/,21,0,12
1712293478597,21,worldline-0,301,Moved Permanently,Thread Group 1-77,,true,,309,115,80,80,http://worldline.com/,21,0,12
1712293478619,6927,worldline-1,200,OK,Thread Group 1-77,text,true,,225678,115,80,80,https://worldline.com/,1616,0,474
1712293478097,7459,worldline,200,OK,Thread Group 1-27,text,true,,225679,230,80,80,https://worldline.com/,39,0,20
1712293478097,39,worldline-0,301,Moved Permanently,Thread Group 1-27,,true,,309,115,80,80,http://worldline.com/,39,0,20
1712293478138,7418,worldline-1,200,OK,Thread Group 1-27,text,true,,225370,115,80,80,https://worldline.com/,1296,0,953
1712293478653,6909,worldline,200,OK,Thread Group 1-82,text,true,,225986,230,80,80,https://worldline.com/,17,0,7
1712293478653,17,worldline-0,301,Moved Permanently,Thread Group 1-82,,true,,309,115,80,80,http://worldline.com/,17,0,7
1712293478671,6891,worldline-1,200,OK,Thread Group 1-82,text,true,,225677,115,80,80,https://worldline.com/,6571,0,6238
1712293478139,7446,worldline,200,OK,Thread Group 1-31,text,true,,226003,230,80,80,https://worldline.com/,14,0,7
1712293478139,14,worldline-0,301,Moved Permanently,Thread Group 1-31,,true,,309,115,80,80,http://worldline.com/,14,0,7
1712293478154,7431,worldline-1,200,OK,Thread Group 1-31,text,true,,225694,115,80,80,https://worldline.com/,1279,0,937
1712293478390,7238,worldline,200,OK,Thread Group 1-56,text,true,,225710,230,80,80,https://worldline.com/,13,0,6
1712293478390,13,worldline-0,301,Moved Permanently,Thread Group 1-56,,true,,309,115,80,80,http://worldline.com/,13,0,6
1712293478404,7224,worldline-1,200,OK,Thread Group 1-56,text,true,,225401,115,80,80,https://worldline.com/,1572,0,688
1712293481673,4018,online payments worldline,200,OK,Thread Group 1-97,text,true,,183330,364,80,80,https://worldline.com/en-in/home/main-navigation/solutions/merchants/online-payments.html,175,0,87
1712293481673,175,online payments worldline-0,301,Moved Permanently,Thread Group 1-97,,true,,376,182,80,80,http://worldline.com/en-in/home/main-navigation/solutions/merchants/online-payments.html,175,0,87
1712293481848,3843,online payments worldline-1,200,OK,Thread Group 1-97,text,true,,182954,182,80,80,https://worldline.com/en-in/home/main-navigation/solutions/merchants/online-payments.html,426,0,0
1712293478628,7066,worldline,200,OK,Thread Group 1-80,text,true,,225663,230,79,79,https://worldline.com/,17,0,6
1712293478628,17,worldline-0,301,Moved Permanently,Thread Group 1-80,,true,,309,115,79,79,http://worldline.com/,17,0,6
1712293478645,7049,worldline-1,200,OK,Thread Group 1-80,text,true,,225354,115,79,79,https://worldline.com/,2429,0,448
1712293483663,2032,online payments worldline,200,OK,Thread Group 1-14,text,true,,183252,364,79,79,https://worldline.com/en-in/home/main-navigation/solutions/merchants/online-payments.html,150,0,81
1712293483663,150,online payments worldline-0,301,Moved Permanently,Thread Group 1-14,,true,,376,182,79,79,http://worldline.com/en-in/home/main-navigation/solutions/merchants/online-payments.html,150,0,81
1712293483814,1881,online payments worldline-1,200,OK,Thread Group 1-14,text,true,,182876,182,79,79,https://worldline.com/en-in/home/main-navigation/solutions/merchants/online-payments.html,522,0,0
1712293478218,7485,worldline,200,OK,Thread Group 1-39,text,true,,225477,230,78,78,https://worldline.com/,15,0,7
1712293478218,15,worldline-0,301,Moved Permanently,Thread Group 1-39,,true,,309,115,78,78,http://worldline.com/,15,0,7
1712293478234,7469,worldline-1,200,OK,Thread Group 1-39,text,true,,225168,115,78,78,https://worldline.com/,1910,0,860
1712293482756,3000,online payments worldline,200,OK,Thread Group 1-50,text,true,,183268,364,78,78,https://worldline.com/en-in/home/main-navigation/solutions/merchants/online-payments.html,171,0,81
1712293482756,171,online payments worldline-0,301,Moved Permanently,Thread Group 1-50,,true,,376,182,78,78,http://worldline.com/en-in/home/main-navigation/solutions/merchants/online-payments.html,171,0,81
1712293482927,2829,online payments worldline-1,200,OK,Thread Group 1-50,text,true,,182892,182,78,78,https://worldline.com/en-in/home/main-navigation/solutions/merchants/online-payments.html,444,0,0
1712293478026,7762,worldline,200,OK,Thread Group 1-20,text,true,,225479,230,77,77,https://worldline.com/,100,0,67
1712293478026,103,worldline-0,301,Moved Permanently,Thread Group 1-20,,true,,309,115,77,77,http://worldline.com/,100,0,67
1712293478132,7656,worldline-1,200,OK,Thread Group 1-20,text,true,,225170,115,77,77,https://worldline.com/,1302,0,959
1712293478617,7186,worldline,200,OK,Thread Group 1-79,text,true,,225964,230,77,77,https://worldline.com/,17,0,9
1712293478617,17,worldline-0,301,Moved Permanently,Thread Group 1-79,,true,,309,115,77,77,http://worldline.com/,17,0,9
1712293478634,7169,worldline-1,200,OK,Thread Group 1-79,text,true,,225655,115,77,77,https://worldline.com/,2353,0,459
1712293478517,7301,worldline,200,OK,Thread Group 1-69,text,true,,225680,230,77,77,https://worldline.com/,35,0,14
1712293478517,35,worldline-0,301,Moved Permanently,Thread Group 1-69,,true,,309,115,77,77,http://worldline.com/,35,0,14
1712293478553,7265,worldline-1,200,OK,Thread Group 1-69,text,true,,225371,115,77,77,https://worldline.com/,2394,0,538
1712293478508,7317,worldline,200,OK,Thread Group 1-68,text,true,,225687,230,77,77,https://worldline.com/,44,0,22
1712293478508,44,worldline-0,301,Moved Permanently,Thread Group 1-68,,true,,309,115,77,77,http://worldline.com/,44,0,22
1712293478553,7272,worldline-1,200,OK,Thread Group 1-68,text,true,,225378,115,77,77,https://worldline.com/,1467,0,541
1712293482107,3748,online payments worldline,200,OK,Thread Group 1-48,text,true,,183337,364,77,77,https://worldline.com/en-in/home/main-navigation/solutions/merchants/online-payments.html,189,0,98
1712293482107,189,online payments worldline-0,301,Moved Permanently,Thread Group 1-48,,true,,376,182,77,77,http://worldline.com/en-in/home/main-navigation/solutions/merchants/online-payments.html,189,0,98
1712293482297,3558,online payments worldline-1,200,OK,Thread Group 1-48,text,true,,182961,182,77,77,https://worldline.com/en-in/home/main-navigation/solutions/merchants/online-payments.html,1053,0,0
1712293482284,3677,online payments worldline,200,OK,Thread Group 1-28,text,true,,183322,364,76,76,https://worldline.com/en-in/home/main-navigation/solutions/merchants/online-payments.html,181,0,90
1712293482284,181,online payments worldline-0,301,Moved Permanently,Thread Group 1-28,,true,,376,182,76,76,http://worldline.com/en-in/home/main-navigation/solutions/merchants/online-payments.html,181,0,90
1712293482466,3495,online payments worldline-1,200,OK,Thread Group 1-28,text,true,,182946,182,76,76,https://worldline.com/en-in/home/main-navigation/solutions/merchants/online-payments.html,299,0,0
1712293478667,7302,worldline,200,OK,Thread Group 1-84,text,true,,225470,230,75,75,https://worldline.com/,14,0,6
1712293478667,14,worldline-0,301,Moved Permanently,Thread Group 1-84,,true,,309,115,75,75,http://worldline.com/,14,0,6
1712293478682,7287,worldline-1,200,OK,Thread Group 1-84,text,true,,225161,115,75,75,https://worldline.com/,1461,0,412
1712293478807,7515,worldline,200,OK,Thread Group 1-98,text,true,,225987,230,75,75,https://worldline.com/,15,0,9
1712293478807,15,worldline-0,301,Moved Permanently,Thread Group 1-98,,true,,309,115,75,75,http://worldline.com/,15,0,9
1712293478823,7499,worldline-1,200,OK,Thread Group 1-98,text,true,,225678,115,75,75,https://worldline.com/,1817,0,271
1712293485564,769,online payments worldline,200,OK,Thread Group 1-82,text,true,,183236,364,75,75,https://worldline.com/en-in/home/main-navigation/solutions/merchants/online-payments.html,141,0,72
1712293478022,8310,worldline,200,OK,Thread Group 1-13,text,true,,225986,230,75,75,https://worldline.com/,105,0,69
1712293485564,141,online payments worldline-0,301,Moved Permanently,Thread Group 1-82,,true,,376,182,75,75,http://worldline.com/en-in/home/main-navigation/solutions/merchants/online-payments.html,141,0,72
1712293478022,107,worldline-0,301,Moved Permanently,Thread Group 1-13,,true,,309,115,75,75,http://worldline.com/,105,0,69
1712293485705,628,online payments worldline-1,200,OK,Thread Group 1-82,text,true,,182860,182,75,75,https://worldline.com/en-in/home/main-navigation/solutions/merchants/online-payments.html,227,0,0
1712293478135,8197,worldline-1,200,OK,Thread Group 1-13,text,true,,225677,115,75,75,https://worldline.com/,3983,0,958
1712293478022,8325,worldline,200,OK,Thread Group 1-3,text,true,,225980,230,74,74,https://worldline.com/,106,0,70
1712293478022,107,worldline-0,301,Moved Permanently,Thread Group 1-3,,true,,309,115,74,74,http://worldline.com/,106,0,70
1712293478134,8213,worldline-1,200,OK,Thread Group 1-3,text,true,,225671,115,74,74,https://worldline.com/,1838,0,959
1712293485586,872,online payments worldline,200,OK,Thread Group 1-31,text,true,,183251,364,74,74,https://worldline.com/en-in/home/main-navigation/solutions/merchants/online-payments.html,139,0,68
1712293485586,139,online payments worldline-0,301,Moved Permanently,Thread Group 1-31,,true,,376,182,74,74,http://worldline.com/en-in/home/main-navigation/solutions/merchants/online-payments.html,139,0,68
1712293485725,733,online payments worldline-1,200,OK,Thread Group 1-31,text,true,,182875,182,74,74,https://worldline.com/en-in/home/main-navigation/solutions/merchants/online-payments.html,433,0,0
1712293478022,8492,worldline,200,OK,Thread Group 1-1,text,true,,225711,230,73,73,https://worldline.com/,101,0,76
1712293478022,107,worldline-0,301,Moved Permanently,Thread Group 1-1,,true,,309,115,73,73,http://worldline.com/,101,0,76
1712293478132,8382,worldline-1,200,OK,Thread Group 1-1,text,true,,225402,115,73,73,https://worldline.com/,4160,0,962
1712293483642,2913,online payments worldline,200,OK,Thread Group 1-5,text,true,,183338,364,73,73,https://worldline.com/en-in/home/main-navigation/solutions/merchants/online-payments.html,153,0,82
1712293483642,153,online payments worldline-0,301,Moved Permanently,Thread Group 1-5,,true,,376,182,73,73,http://worldline.com/en-in/home/main-navigation/solutions/merchants/online-payments.html,153,0,82
1712293483795,2760,online payments worldline-1,200,OK,Thread Group 1-5,text,true,,182962,182,73,73,https://worldline.com/en-in/home/main-navigation/solutions/merchants/online-payments.html,640,0,0
1712293478776,7779,worldline,200,OK,Thread Group 1-95,text,true,,225994,230,73,73,https://worldline.com/,12,0,6
1712293478776,12,worldline-0,301,Moved Permanently,Thread Group 1-95,,true,,309,115,73,73,http://worldline.com/,12,0,6
1712293478789,7766,worldline-1,200,OK,Thread Group 1-95,text,true,,225685,115,73,73,https://worldline.com/,2582,0,305
1712293481611,4996,online payments worldline,200,OK,Thread Group 1-99,text,true,,183276,364,72,72,https://worldline.com/en-in/home/main-navigation/solutions/merchants/online-payments.html,167,0,83
1712293481611,167,online payments worldline-0,301,Moved Permanently,Thread Group 1-99,,true,,376,182,72,72,http://worldline.com/en-in/home/main-navigation/solutions/merchants/online-payments.html,167,0,83
1712293481779,4828,online payments worldline-1,200,OK,Thread Group 1-99,text,true,,182900,182,72,72,https://worldline.com/en-in/home/main-navigation/solutions/merchants/online-payments.html,626,0,0
1712293478584,8036,worldline,200,OK,Thread Group 1-75,text,true,,225695,230,71,71,https://worldline.com/,16,0,8
1712293478584,16,worldline-0,301,Moved Permanently,Thread Group 1-75,,true,,309,115,71,71,http://worldline.com/,16,0,8
1712293478601,8019,worldline-1,200,OK,Thread Group 1-75,text,true,,225386,115,71,71,https://worldline.com/,1447,0,494
1712293478527,8359,worldline,200,OK,Thread Group 1-70,text,true,,225471,230,71,71,https://worldline.com/,33,0,7
1712293478527,33,worldline-0,301,Moved Permanently,Thread Group 1-70,,true,,309,115,71,71,http://worldline.com/,33,0,7
1712293478561,8325,worldline-1,200,OK,Thread Group 1-70,text,true,,225162,115,71,71,https://worldline.com/,1379,0,530
1712293482558,4341,online payments worldline,200,OK,Thread Group 1-51,text,true,,183314,364,71,71,https://worldline.com/en-in/home/main-navigation/solutions/merchants/online-payments.html,177,0,88
1712293482558,177,online payments worldline-0,301,Moved Permanently,Thread Group 1-51,,true,,376,182,71,71,http://worldline.com/en-in/home/main-navigation/solutions/merchants/online-payments.html,177,0,88
1712293482735,4164,online payments worldline-1,200,OK,Thread Group 1-51,text,true,,182938,182,71,71,https://worldline.com/en-in/home/main-navigation/solutions/merchants/online-payments.html,640,0,0
1712293484883,2025,online payments worldline,200,OK,Thread Group 1-24,text,true,,183258,364,70,70,https://worldline.com/en-in/home/main-navigation/solutions/merchants/online-payments.html,167,0,84
1712293484883,167,online payments worldline-0,301,Moved Permanently,Thread Group 1-24,,true,,376,182,70,70,http://worldline.com/en-in/home/main-navigation/solutions/merchants/online-payments.html,167,0,84
1712293485050,1858,online payments worldline-1,200,OK,Thread Group 1-24,text,true,,182882,182,70,70,https://worldline.com/en-in/home/main-navigation/solutions/merchants/online-payments.html,319,0,0
1712293483612,3355,online payments worldline,200,OK,Thread Group 1-35,text,true,,183267,364,69,69,https://worldline.com/en-in/home/main-navigation/solutions/merchants/online-payments.html,155,0,83
1712293483612,155,online payments worldline-0,301,Moved Permanently,Thread Group 1-35,,true,,376,182,69,69,http://worldline.com/en-in/home/main-navigation/solutions/merchants/online-payments.html,155,0,83
1712293483767,3200,online payments worldline-1,200,OK,Thread Group 1-35,text,true,,182891,182,69,69,https://worldline.com/en-in/home/main-navigation/solutions/merchants/online-payments.html,506,0,0
1712293478477,8716,worldline,200,OK,Thread Group 1-65,text,true,,225988,230,68,68,https://worldline.com/,17,0,8
1712293478477,17,worldline-0,301,Moved Permanently,Thread Group 1-65,,true,,309,115,68,68,http://worldline.com/,17,0,8
1712293478495,8698,worldline-1,200,OK,Thread Group 1-65,text,true,,225679,115,68,68,https://worldline.com/,940,0,596
1712293478022,9174,worldline,200,OK,Thread Group 1-6,text,true,,225710,230,68,68,https://worldline.com/,101,0,76
1712293478022,107,worldline-0,301,Moved Permanently,Thread Group 1-6,,true,,309,115,68,68,http://worldline.com/,101,0,76
1712293478133,9063,worldline-1,200,OK,Thread Group 1-6,text,true,,225401,115,68,68,https://worldline.com/,1921,0,959
1712293478706,8497,worldline,200,OK,Thread Group 1-88,text,true,,225986,230,68,68,https://worldline.com/,17,0,8
1712293478706,17,worldline-0,301,Moved Permanently,Thread Group 1-88,,true,,309,115,68,68,http://worldline.com/,17,0,8
1712293478725,8478,worldline-1,200,OK,Thread Group 1-88,text,true,,225677,115,68,68,https://worldline.com/,1613,0,375
1712293478429,8834,worldline,200,OK,Thread Group 1-60,text,true,,225479,230,68,68,https://worldline.com/,16,0,8
1712293478429,16,worldline-0,301,Moved Permanently,Thread Group 1-60,,true,,309,115,68,68,http://worldline.com/,16,0,8
1712293478446,8817,worldline-1,200,OK,Thread Group 1-60,text,true,,225170,115,68,68,https://worldline.com/,1732,0,648
1712293478791,8491,worldline,200,OK,Thread Group 1-94,text,true,,225709,230,68,68,https://worldline.com/,15,0,6
1712293478791,15,worldline-0,301,Moved Permanently,Thread Group 1-94,,true,,309,115,68,68,http://worldline.com/,15,0,6
1712293478806,8476,worldline-1,200,OK,Thread Group 1-94,text,true,,225400,115,68,68,https://worldline.com/,2167,0,286
1712293485108,2271,online payments worldline,200,OK,Thread Group 1-76,text,true,,183352,364,68,68,https://worldline.com/en-in/home/main-navigation/solutions/merchants/online-payments.html,176,0,86
1712293485108,176,online payments worldline-0,301,Moved Permanently,Thread Group 1-76,,true,,376,182,68,68,http://worldline.com/en-in/home/main-navigation/solutions/merchants/online-payments.html,176,0,86
1712293485285,2094,online payments worldline-1,200,OK,Thread Group 1-76,text,true,,182976,182,68,68,https://worldline.com/en-in/home/main-navigation/solutions/merchants/online-payments.html,307,0,0
1712293478497,8983,worldline,200,OK,Thread Group 1-67,text,true,,225688,230,67,67,https://worldline.com/,30,0,8
1712293478497,30,worldline-0,301,Moved Permanently,Thread Group 1-67,,true,,309,115,67,67,http://worldline.com/,30,0,8
1712293478237,9246,worldline,200,OK,Thread Group 1-41,text,true,,226025,230,67,67,https://worldline.com/,14,0,7
1712293478528,8952,worldline-1,200,OK,Thread Group 1-67,text,true,,225379,115,67,67,https://worldline.com/,1492,0,564
1712293478237,14,worldline-0,301,Moved Permanently,Thread Group 1-41,,true,,309,115,67,67,http://worldline.com/,14,0,7
1712293478252,9231,worldline-1,200,OK,Thread Group 1-41,text,true,,225716,115,67,67,https://worldline.com/,8723,0,8474
1712293483990,3511,online payments worldline,200,OK,Thread Group 1-64,text,true,,183329,364,67,67,https://worldline.com/en-in/home/main-navigation/solutions/merchants/online-payments.html,679,0,96
1712293483990,679,online payments worldline-0,301,Moved Permanently,Thread Group 1-64,,true,,376,182,67,67,http://worldline.com/en-in/home/main-navigation/solutions/merchants/online-payments.html,679,0,96
1712293484670,2831,online payments worldline-1,200,OK,Thread Group 1-64,text,true,,182953,182,67,67,https://worldline.com/en-in/home/main-navigation/solutions/merchants/online-payments.html,326,0,0
1712293478401,9142,worldline,200,OK,Thread Group 1-57,text,true,,225616,230,66,66,https://worldline.com/,22,0,8
1712293478401,22,worldline-0,301,Moved Permanently,Thread Group 1-57,,true,,309,115,66,66,http://worldline.com/,22,0,8
1712293478424,9119,worldline-1,200,OK,Thread Group 1-57,text,true,,225307,115,66,66,https://worldline.com/,3147,0,670
1712293484949,2603,online payments worldline,200,OK,Thread Group 1-17,text,true,,183282,364,66,66,https://worldline.com/en-in/home/main-navigation/solutions/merchants/online-payments.html,170,0,79
1712293484949,170,online payments worldline-0,301,Moved Permanently,Thread Group 1-17,,true,,376,182,66,66,http://worldline.com/en-in/home/main-navigation/solutions/merchants/online-payments.html,170,0,79
1712293485119,2433,online payments worldline-1,200,OK,Thread Group 1-17,text,true,,182906,182,66,66,https://worldline.com/en-in/home/main-navigation/solutions/merchants/online-payments.html,424,0,0
1712293484636,2940,online payments worldline,200,OK,Thread Group 1-25,text,true,,183244,364,65,65,https://worldline.com/en-in/home/main-navigation/solutions/merchants/online-payments.html,176,0,88
1712293484636,176,online payments worldline-0,301,Moved Permanently,Thread Group 1-25,,true,,376,182,65,65,http://worldline.com/en-in/home/main-navigation/solutions/merchants/online-payments.html,176,0,88
1712293484812,2764,online payments worldline-1,200,OK,Thread Group 1-25,text,true,,182868,182,65,65,https://worldline.com/en-in/home/main-navigation/solutions/merchants/online-payments.html,335,0,0
1712293484933,2690,online payments worldline,200,OK,Thread Group 1-58,text,true,,183252,364,64,64,https://worldline.com/en-in/home/main-navigation/solutions/merchants/online-payments.html,171,0,81
1712293484933,171,online payments worldline-0,301,Moved Permanently,Thread Group 1-58,,true,,376,182,64,64,http://worldline.com/en-in/home/main-navigation/solutions/merchants/online-payments.html,171,0,81
1712293485104,2519,online payments worldline-1,200,OK,Thread Group 1-58,text,true,,182876,182,64,64,https://worldline.com/en-in/home/main-navigation/solutions/merchants/online-payments.html,480,0,0
1712293478572,9088,worldline,200,OK,Thread Group 1-74,text,true,,225696,230,63,63,https://worldline.com/,20,0,10
1712293478572,20,worldline-0,301,Moved Permanently,Thread Group 1-74,,true,,309,115,63,63,http://worldline.com/,20,0,10
1712293478593,9067,worldline-1,200,OK,Thread Group 1-74,text,true,,225387,115,63,63,https://worldline.com/,3078,0,2318
1712293485820,1861,online payments worldline,200,OK,Thread Group 1-69,text,true,,183251,364,63,63,https://worldline.com/en-in/home/main-navigation/solutions/merchants/online-payments.html,174,0,76
1712293485820,174,online payments worldline-0,301,Moved Permanently,Thread Group 1-69,,true,,376,182,63,63,http://worldline.com/en-in/home/main-navigation/solutions/merchants/online-payments.html,174,0,76
1712293485994,1687,online payments worldline-1,200,OK,Thread Group 1-69,text,true,,182875,182,63,63,https://worldline.com/en-in/home/main-navigation/solutions/merchants/online-payments.html,301,0,0
1712293484838,2860,online payments worldline,200,OK,Thread Group 1-62,text,true,,183250,364,62,62,https://worldline.com/en-in/home/main-navigation/solutions/merchants/online-payments.html,168,0,85
1712293484838,168,online payments worldline-0,301,Moved Permanently,Thread Group 1-62,,true,,376,182,62,62,http://worldline.com/en-in/home/main-navigation/solutions/merchants/online-payments.html,168,0,85
1712293485006,2692,online payments worldline-1,200,OK,Thread Group 1-62,text,true,,182874,182,62,62,https://worldline.com/en-in/home/main-navigation/solutions/merchants/online-payments.html,272,0,0
1712293485529,2188,online payments worldline,200,OK,Thread Group 1-85,text,true,,183273,364,61,61,https://worldline.com/en-in/home/main-navigation/solutions/merchants/online-payments.html,143,0,79
1712293485529,143,online payments worldline-0,301,Moved Permanently,Thread Group 1-85,,true,,376,182,61,61,http://worldline.com/en-in/home/main-navigation/solutions/merchants/online-payments.html,143,0,79
1712293485673,2044,online payments worldline-1,200,OK,Thread Group 1-85,text,true,,182897,182,61,61,https://worldline.com/en-in/home/main-navigation/solutions/merchants/online-payments.html,488,0,0
1712293485789,1943,online payments worldline,200,OK,Thread Group 1-20,text,true,,183259,364,60,60,https://worldline.com/en-in/home/main-navigation/solutions/merchants/online-payments.html,166,0,77
1712293485789,166,online payments worldline-0,301,Moved Permanently,Thread Group 1-20,,true,,376,182,60,60,http://worldline.com/en-in/home/main-navigation/solutions/merchants/online-payments.html,166,0,77
1712293485955,1777,online payments worldline-1,200,OK,Thread Group 1-20,text,true,,182883,182,60,60,https://worldline.com/en-in/home/main-navigation/solutions/merchants/online-payments.html,305,0,0
1712293478047,9717,worldline,200,OK,Thread Group 1-22,text,true,,225502,230,59,59,https://worldline.com/,76,0,51
1712293478047,82,worldline-0,301,Moved Permanently,Thread Group 1-22,,true,,309,115,59,59,http://worldline.com/,76,0,51
1712293478133,9631,worldline-1,200,OK,Thread Group 1-22,text,true,,225193,115,59,59,https://worldline.com/,2005,0,959
1712293478022,9753,worldline,200,OK,Thread Group 1-9,text,true,,225987,230,59,59,https://worldline.com/,101,0,76
1712293478022,107,worldline-0,301,Moved Permanently,Thread Group 1-9,,true,,309,115,59,59,http://worldline.com/,101,0,76
1712293478135,9640,worldline-1,200,OK,Thread Group 1-9,text,true,,225678,115,59,59,https://worldline.com/,2275,0,957
1712293478158,9643,worldline,200,OK,Thread Group 1-33,text,true,,225455,230,59,59,https://worldline.com/,25,0,13
1712293478158,25,worldline-0,301,Moved Permanently,Thread Group 1-33,,true,,309,115,59,59,http://worldline.com/,25,0,13
1712293478184,9617,worldline-1,200,OK,Thread Group 1-33,text,true,,225146,115,59,59,https://worldline.com/,1948,0,910
1712293478418,9392,worldline,200,OK,Thread Group 1-59,text,true,,225995,230,59,59,https://worldline.com/,16,0,7
1712293478418,16,worldline-0,301,Moved Permanently,Thread Group 1-59,,true,,309,115,59,59,http://worldline.com/,16,0,7
1712293478435,9375,worldline-1,200,OK,Thread Group 1-59,text,true,,225686,115,59,59,https://worldline.com/,1641,0,658
1712293484913,2925,online payments worldline,200,OK,Thread Group 1-19,text,true,,183244,364,59,59,https://worldline.com/en-in/home/main-navigation/solutions/merchants/online-payments.html,167,0,81
1712293484913,167,online payments worldline-0,301,Moved Permanently,Thread Group 1-19,,true,,376,182,59,59,http://worldline.com/en-in/home/main-navigation/solutions/merchants/online-payments.html,167,0,81
1712293485080,2758,online payments worldline-1,200,OK,Thread Group 1-19,text,true,,182868,182,59,59,https://worldline.com/en-in/home/main-navigation/solutions/merchants/online-payments.html,546,0,0
1712293478537,9309,worldline,200,OK,Thread Group 1-71,text,true,,225688,230,58,58,https://worldline.com/,32,0,22
1712293478537,32,worldline-0,301,Moved Permanently,Thread Group 1-71,,true,,309,115,58,58,http://worldline.com/,32,0,22
1712293478570,9276,worldline-1,200,OK,Thread Group 1-71,text,true,,225379,115,58,58,https://worldline.com/,1611,0,524
1712293485411,2499,online payments worldline,200,OK,Thread Group 1-52,text,true,,183252,364,58,58,https://worldline.com/en-in/home/main-navigation/solutions/merchants/online-payments.html,168,0,83
1712293485411,168,online payments worldline-0,301,Moved Permanently,Thread Group 1-52,,true,,376,182,58,58,http://worldline.com/en-in/home/main-navigation/solutions/merchants/online-payments.html,168,0,83
1712293485580,2330,online payments worldline-1,200,OK,Thread Group 1-52,text,true,,182876,182,58,58,https://worldline.com/en-in/home/main-navigation/solutions/merchants/online-payments.html,318,0,0
1712293487485,567,online payments worldline,200,OK,Thread Group 1-41,text,true,,183268,364,57,57,https://worldline.com/en-in/home/main-navigation/solutions/merchants/online-payments.html,137,0,68
1712293487485,137,online payments worldline-0,301,Moved Permanently,Thread Group 1-41,,true,,376,182,57,57,http://worldline.com/en-in/home/main-navigation/solutions/merchants/online-payments.html,137,0,68
1712293487623,429,online payments worldline-1,200,OK,Thread Group 1-41,text,true,,182892,182,57,57,https://worldline.com/en-in/home/main-navigation/solutions/merchants/online-payments.html,223,0,0
1712293478167,9890,worldline,200,OK,Thread Group 1-34,text,true,,225688,230,56,56,https://worldline.com/,16,0,8
1712293478167,16,worldline-0,301,Moved Permanently,Thread Group 1-34,,true,,309,115,56,56,http://worldline.com/,16,0,8
1712293478184,9873,worldline-1,200,OK,Thread Group 1-34,text,true,,225379,115,56,56,https://worldline.com/,4067,0,908
1712293478200,9859,worldline,200,OK,Thread Group 1-37,text,true,,225472,230,56,56,https://worldline.com/,17,0,9
1712293478200,17,worldline-0,301,Moved Permanently,Thread Group 1-37,,true,,309,115,56,56,http://worldline.com/,17,0,9
1712293478218,9841,worldline-1,200,OK,Thread Group 1-37,text,true,,225163,115,56,56,https://worldline.com/,2014,0,874
1712293478022,10069,worldline,200,OK,Thread Group 1-16,text,true,,225479,230,56,56,https://worldline.com/,101,0,76
1712293478022,107,worldline-0,301,Moved Permanently,Thread Group 1-16,,true,,309,115,56,56,http://worldline.com/,101,0,76
1712293478134,9957,worldline-1,200,OK,Thread Group 1-16,text,true,,225170,115,56,56,https://worldline.com/,2065,0,958
1712293478022,10076,worldline,200,OK,Thread Group 1-15,text,true,,225432,230,56,56,https://worldline.com/,103,0,76
1712293478022,107,worldline-0,301,Moved Permanently,Thread Group 1-15,,true,,309,115,56,56,http://worldline.com/,103,0,76
1712293478133,9965,worldline-1,200,OK,Thread Group 1-15,text,true,,225123,115,56,56,https://worldline.com/,4365,0,961
1712293484862,3275,online payments worldline,200,OK,Thread Group 1-7,text,true,,183265,364,56,56,https://worldline.com/en-in/home/main-navigation/solutions/merchants/online-payments.html,166,0,85
1712293484862,166,online payments worldline-0,301,Moved Permanently,Thread Group 1-7,,true,,376,182,56,56,http://worldline.com/en-in/home/main-navigation/solutions/merchants/online-payments.html,166,0,85
1712293485028,3109,online payments worldline-1,200,OK,Thread Group 1-7,text,true,,182889,182,56,56,https://worldline.com/en-in/home/main-navigation/solutions/merchants/online-payments.html,424,0,0
1712293484308,3838,online payments worldline,200,OK,Thread Group 1-26,text,true,,183312,364,55,55,https://worldline.com/en-in/home/main-navigation/solutions/merchants/online-payments.html,147,0,73
1712293484308,147,online payments worldline-0,301,Moved Permanently,Thread Group 1-26,,true,,376,182,55,55,http://worldline.com/en-in/home/main-navigation/solutions/merchants/online-payments.html,147,0,73
1712293484455,3691,online payments worldline-1,200,OK,Thread Group 1-26,text,true,,182936,182,55,55,https://worldline.com/en-in/home/main-navigation/solutions/merchants/online-payments.html,479,0,0
1712293484868,3332,online payments worldline,200,OK,Thread Group 1-91,text,true,,183322,364,54,54,https://worldline.com/en-in/home/main-navigation/solutions/merchants/online-payments.html,160,0,81
1712293484868,160,online payments worldline-0,301,Moved Permanently,Thread Group 1-91,,true,,376,182,54,54,http://worldline.com/en-in/home/main-navigation/solutions/merchants/online-payments.html,160,0,81
1712293485028,3172,online payments worldline-1,200,OK,Thread Group 1-91,text,true,,182946,182,54,54,https://worldline.com/en-in/home/main-navigation/solutions/merchants/online-payments.html,419,0,0
1712293485557,2685,online payments worldline,200,OK,Thread Group 1-27,text,true,,183237,364,53,53,https://worldline.com/en-in/home/main-navigation/solutions/merchants/online-payments.html,144,0,76
1712293485557,144,online payments worldline-0,301,Moved Permanently,Thread Group 1-27,,true,,376,182,53,53,http://worldline.com/en-in/home/main-navigation/solutions/merchants/online-payments.html,144,0,76
1712293485702,2540,online payments worldline-1,200,OK,Thread Group 1-27,text,true,,182861,182,53,53,https://worldline.com/en-in/home/main-navigation/solutions/merchants/online-payments.html,556,0,0
1712293478022,10220,worldline,200,OK,Thread Group 1-12,text,true,,225455,230,53,53,https://worldline.com/,101,0,69
1712293478022,107,worldline-0,301,Moved Permanently,Thread Group 1-12,,true,,309,115,53,53,http://worldline.com/,101,0,69
1712293478134,10108,worldline-1,200,OK,Thread Group 1-12,text,true,,225146,115,53,53,https://worldline.com/,4474,0,961
1712293486556,1724,online payments worldline,200,OK,Thread Group 1-95,text,true,,183268,364,52,52,https://worldline.com/en-in/home/main-navigation/solutions/merchants/online-payments.html,176,0,82
1712293486556,176,online payments worldline-0,301,Moved Permanently,Thread Group 1-95,,true,,376,182,52,52,http://worldline.com/en-in/home/main-navigation/solutions/merchants/online-payments.html,176,0,82
1712293486732,1548,online payments worldline-1,200,OK,Thread Group 1-95,text,true,,182892,182,52,52,https://worldline.com/en-in/home/main-navigation/solutions/merchants/online-payments.html,279,0,0
1712293485110,3185,online payments worldline,200,OK,Thread Group 1-54,text,true,,183283,364,51,51,https://worldline.com/en-in/home/main-navigation/solutions/merchants/online-payments.html,180,0,87
1712293485110,180,online payments worldline-0,301,Moved Permanently,Thread Group 1-54,,true,,376,182,51,51,http://worldline.com/en-in/home/main-navigation/solutions/merchants/online-payments.html,180,0,87
1712293485290,3005,online payments worldline-1,200,OK,Thread Group 1-54,text,true,,182907,182,51,51,https://worldline.com/en-in/home/main-navigation/solutions/merchants/online-payments.html,322,0,0
1712293485173,3145,online payments worldline,200,OK,Thread Group 1-89,text,true,,183251,364,50,50,https://worldline.com/en-in/home/main-navigation/solutions/merchants/online-payments.html,186,0,89
1712293485173,186,online payments worldline-0,301,Moved Permanently,Thread Group 1-89,,true,,376,182,50,50,http://worldline.com/en-in/home/main-navigation/solutions/merchants/online-payments.html,186,0,89
1712293485360,2958,online payments worldline-1,200,OK,Thread Group 1-89,text,true,,182875,182,50,50,https://worldline.com/en-in/home/main-navigation/solutions/merchants/online-payments.html,307,0,0
1712293478698,9636,worldline,200,OK,Thread Group 1-87,text,true,,225479,230,49,49,https://worldline.com/,13,0,7
1712293478698,13,worldline-0,301,Moved Permanently,Thread Group 1-87,,true,,309,115,49,49,http://worldline.com/,13,0,7
1712293478712,9622,worldline-1,200,OK,Thread Group 1-87,text,true,,225170,115,49,49,https://worldline.com/,3236,0,380
1712293484482,3870,online payments worldline,200,OK,Thread Group 1-42,text,true,,183307,364,49,49,https://worldline.com/en-in/home/main-navigation/solutions/merchants/online-payments.html,162,0,78
1712293484482,162,online payments worldline-0,301,Moved Permanently,Thread Group 1-42,,true,,376,182,49,49,http://worldline.com/en-in/home/main-navigation/solutions/merchants/online-payments.html,162,0,78
1712293484644,3708,online payments worldline-1,200,OK,Thread Group 1-42,text,true,,182931,182,49,49,https://worldline.com/en-in/home/main-navigation/solutions/merchants/online-payments.html,383,0,0
1712293483365,5004,online payments worldline,200,OK,Thread Group 1-100,text,true,,183292,364,48,48,https://worldline.com/en-in/home/main-navigation/solutions/merchants/online-payments.html,1169,0,1085
1712293483365,1169,online payments worldline-0,301,Moved Permanently,Thread Group 1-100,,true,,376,182,48,48,http://worldline.com/en-in/home/main-navigation/solutions/merchants/online-payments.html,1169,0,1085
1712293484535,3834,online payments worldline-1,200,OK,Thread Group 1-100,text,true,,182916,182,48,48,https://worldline.com/en-in/home/main-navigation/solutions/merchants/online-payments.html,742,0,0
1712293485414,3001,online payments worldline,200,OK,Thread Group 1-8,text,true,,183267,364,47,47,https://worldline.com/en-in/home/main-navigation/solutions/merchants/online-payments.html,170,0,82
1712293485414,170,online payments worldline-0,301,Moved Permanently,Thread Group 1-8,,true,,376,182,47,47,http://worldline.com/en-in/home/main-navigation/solutions/merchants/online-payments.html,170,0,82
1712293485584,2831,online payments worldline-1,200,OK,Thread Group 1-8,text,true,,182891,182,47,47,https://worldline.com/en-in/home/main-navigation/solutions/merchants/online-payments.html,332,0,0
1712293485971,2528,online payments worldline,200,OK,Thread Group 1-84,text,true,,183306,364,46,46,https://worldline.com/en-in/home/main-navigation/solutions/merchants/online-payments.html,177,0,87
1712293485971,177,online payments worldline-0,301,Moved Permanently,Thread Group 1-84,,true,,376,182,46,46,http://worldline.com/en-in/home/main-navigation/solutions/merchants/online-payments.html,177,0,87
1712293486148,2351,online payments worldline-1,200,OK,Thread Group 1-84,text,true,,182930,182,46,46,https://worldline.com/en-in/home/main-navigation/solutions/merchants/online-payments.html,320,0,0
1712293485705,2825,online payments worldline,200,OK,Thread Group 1-39,text,true,,183328,364,45,45,https://worldline.com/en-in/home/main-navigation/solutions/merchants/online-payments.html,150,0,74
1712293485705,150,online payments worldline-0,301,Moved Permanently,Thread Group 1-39,,true,,376,182,45,45,http://worldline.com/en-in/home/main-navigation/solutions/merchants/online-payments.html,150,0,74
1712293485856,2674,online payments worldline-1,200,OK,Thread Group 1-39,text,true,,182952,182,45,45,https://worldline.com/en-in/home/main-navigation/solutions/merchants/online-payments.html,479,0,0
1712293484901,3647,online payments worldline,200,OK,Thread Group 1-61,text,true,,183213,364,44,44,https://worldline.com/en-in/home/main-navigation/solutions/merchants/online-payments.html,170,0,83
1712293484901,170,online payments worldline-0,301,Moved Permanently,Thread Group 1-61,,true,,376,182,44,44,http://worldline.com/en-in/home/main-navigation/solutions/merchants/online-payments.html,170,0,83
1712293485071,3477,online payments worldline-1,200,OK,Thread Group 1-61,text,true,,182837,182,44,44,https://worldline.com/en-in/home/main-navigation/solutions/merchants/online-payments.html,428,0,0
1712293484598,3952,online payments worldline,200,OK,Thread Group 1-40,text,true,,183267,364,43,43,https://worldline.com/en-in/home/main-navigation/solutions/merchants/online-payments.html,175,0,86
1712293484598,175,online payments worldline-0,301,Moved Permanently,Thread Group 1-40,,true,,376,182,43,43,http://worldline.com/en-in/home/main-navigation/solutions/merchants/online-payments.html,175,0,86
1712293484774,3776,online payments worldline-1,200,OK,Thread Group 1-40,text,true,,182891,182,43,43,https://worldline.com/en-in/home/main-navigation/solutions/merchants/online-payments.html,440,0,0
1712293485276,3277,online payments worldline,200,OK,Thread Group 1-44,text,true,,183266,364,42,42,https://worldline.com/en-in/home/main-navigation/solutions/merchants/online-payments.html,1180,0,1091
1712293485276,1180,online payments worldline-0,301,Moved Permanently,Thread Group 1-44,,true,,376,182,42,42,http://worldline.com/en-in/home/main-navigation/solutions/merchants/online-payments.html,1180,0,1091
1712293486457,2096,online payments worldline-1,200,OK,Thread Group 1-44,text,true,,182890,182,42,42,https://worldline.com/en-in/home/main-navigation/solutions/merchants/online-payments.html,334,0,0
1712293484489,4078,online payments worldline,200,OK,Thread Group 1-73,text,true,,183260,364,41,41,https://worldline.com/en-in/home/main-navigation/solutions/merchants/online-payments.html,159,0,78
1712293484489,159,online payments worldline-0,301,Moved Permanently,Thread Group 1-73,,true,,376,182,41,41,http://worldline.com/en-in/home/main-navigation/solutions/merchants/online-payments.html,159,0,78
1712293484649,3918,online payments worldline-1,200,OK,Thread Group 1-73,text,true,,182884,182,41,41,https://worldline.com/en-in/home/main-navigation/solutions/merchants/online-payments.html,336,0,0
1712293478118,10464,worldline,200,OK,Thread Group 1-29,text,true,,225988,230,40,40,https://worldline.com/,28,0,10
1712293478118,28,worldline-0,301,Moved Permanently,Thread Group 1-29,,true,,309,115,40,40,http://worldline.com/,28,0,10
1712293478147,10435,worldline-1,200,OK,Thread Group 1-29,text,true,,225679,115,40,40,https://worldline.com/,1984,0,946
1712293485804,2783,online payments worldline,200,OK,Thread Group 1-79,text,true,,183314,364,40,40,https://worldline.com/en-in/home/main-navigation/solutions/merchants/online-payments.html,599,0,75
1712293485804,599,online payments worldline-0,301,Moved Permanently,Thread Group 1-79,,true,,376,182,40,40,http://worldline.com/en-in/home/main-navigation/solutions/merchants/online-payments.html,599,0,75
1712293486403,2184,online payments worldline-1,200,OK,Thread Group 1-79,text,true,,182938,182,40,40,https://worldline.com/en-in/home/main-navigation/solutions/merchants/online-payments.html,333,0,0
1712293486348,2313,online payments worldline,200,OK,Thread Group 1-3,text,true,,183259,364,39,39,https://worldline.com/en-in/home/main-navigation/solutions/merchants/online-payments.html,169,0,87
1712293486348,169,online payments worldline-0,301,Moved Permanently,Thread Group 1-3,,true,,376,182,39,39,http://worldline.com/en-in/home/main-navigation/solutions/merchants/online-payments.html,169,0,87
1712293486518,2143,online payments worldline-1,200,OK,Thread Group 1-3,text,true,,182883,182,39,39,https://worldline.com/en-in/home/main-navigation/solutions/merchants/online-payments.html,422,0,0
1712293485316,3407,online payments worldline,200,OK,Thread Group 1-2,text,true,,183345,364,38,38,https://worldline.com/en-in/home/main-navigation/solutions/merchants/online-payments.html,1171,0,1087
1712293485316,1171,online payments worldline-0,301,Moved Permanently,Thread Group 1-2,,true,,376,182,38,38,http://worldline.com/en-in/home/main-navigation/solutions/merchants/online-payments.html,1171,0,1087
1712293486487,2236,online payments worldline-1,200,OK,Thread Group 1-2,text,true,,182969,182,38,38,https://worldline.com/en-in/home/main-navigation/solutions/merchants/online-payments.html,339,0,0
1712293484716,4017,online payments worldline,200,OK,Thread Group 1-32,text,true,,183221,364,37,37,https://worldline.com/en-in/home/main-navigation/solutions/merchants/online-payments.html,1154,0,1078
1712293484716,1154,online payments worldline-0,301,Moved Permanently,Thread Group 1-32,,true,,376,182,37,37,http://worldline.com/en-in/home/main-navigation/solutions/merchants/online-payments.html,1154,0,1078
1712293485870,2863,online payments worldline-1,200,OK,Thread Group 1-32,text,true,,182845,182,37,37,https://worldline.com/en-in/home/main-navigation/solutions/merchants/online-payments.html,390,0,0
1712293485695,3047,online payments worldline,200,OK,Thread Group 1-80,text,true,,183275,364,36,36,https://worldline.com/en-in/home/main-navigation/solutions/merchants/online-payments.html,154,0,74
1712293485695,154,online payments worldline-0,301,Moved Permanently,Thread Group 1-80,,true,,376,182,36,36,http://worldline.com/en-in/home/main-navigation/solutions/merchants/online-payments.html,154,0,74
1712293485849,2893,online payments worldline-1,200,OK,Thread Group 1-80,text,true,,182899,182,36,36,https://worldline.com/en-in/home/main-navigation/solutions/merchants/online-payments.html,480,0,0
1712293486516,2248,online payments worldline,200,OK,Thread Group 1-1,text,true,,183322,364,35,35,https://worldline.com/en-in/home/main-navigation/solutions/merchants/online-payments.html,170,0,83
1712293486516,170,online payments worldline-0,301,Moved Permanently,Thread Group 1-1,,true,,376,182,35,35,http://worldline.com/en-in/home/main-navigation/solutions/merchants/online-payments.html,170,0,83
1712293486687,2077,online payments worldline-1,200,OK,Thread Group 1-1,text,true,,182946,182,35,35,https://worldline.com/en-in/home/main-navigation/solutions/merchants/online-payments.html,510,0,0
1712293484869,3958,online payments worldline,200,OK,Thread Group 1-83,text,true,,183268,364,34,34,https://worldline.com/en-in/home/main-navigation/solutions/merchants/online-payments.html,168,0,84
1712293484869,168,online payments worldline-0,301,Moved Permanently,Thread Group 1-83,,true,,376,182,34,34,http://worldline.com/en-in/home/main-navigation/solutions/merchants/online-payments.html,168,0,84
1712293485037,3790,online payments worldline-1,200,OK,Thread Group 1-83,text,true,,182892,182,34,34,https://worldline.com/en-in/home/main-navigation/solutions/merchants/online-payments.html,488,0,0
1712293486333,2513,online payments worldline,200,OK,Thread Group 1-13,text,true,,183266,364,33,33,https://worldline.com/en-in/home/main-navigation/solutions/merchants/online-payments.html,172,0,88
1712293486333,172,online payments worldline-0,301,Moved Permanently,Thread Group 1-13,,true,,376,182,33,33,http://worldline.com/en-in/home/main-navigation/solutions/merchants/online-payments.html,172,0,88
1712293486506,2340,online payments worldline-1,200,OK,Thread Group 1-13,text,true,,182890,182,33,33,https://worldline.com/en-in/home/main-navigation/solutions/merchants/online-payments.html,406,0,0
1712293478319,10538,worldline,200,OK,Thread Group 1-49,text,true,,225980,230,32,32,https://worldline.com/,16,0,8
1712293478319,16,worldline-0,301,Moved Permanently,Thread Group 1-49,,true,,309,115,32,32,http://worldline.com/,16,0,8
1712293478336,10521,worldline-1,200,OK,Thread Group 1-49,text,true,,225671,115,32,32,https://worldline.com/,1676,0,758
1712293485411,3453,online payments worldline,200,OK,Thread Group 1-43,text,true,,183283,364,32,32,https://worldline.com/en-in/home/main-navigation/solutions/merchants/online-payments.html,169,0,83
1712293485411,169,online payments worldline-0,301,Moved Permanently,Thread Group 1-43,,true,,376,182,32,32,http://worldline.com/en-in/home/main-navigation/solutions/merchants/online-payments.html,169,0,83
1712293485580,3284,online payments worldline-1,200,OK,Thread Group 1-43,text,true,,182907,182,32,32,https://worldline.com/en-in/home/main-navigation/solutions/merchants/online-payments.html,327,0,0
1712293485827,3063,online payments worldline,200,OK,Thread Group 1-68,text,true,,183266,364,31,31,https://worldline.com/en-in/home/main-navigation/solutions/merchants/online-payments.html,175,0,78
1712293485827,176,online payments worldline-0,301,Moved Permanently,Thread Group 1-68,,true,,376,182,31,31,http://worldline.com/en-in/home/main-navigation/solutions/merchants/online-payments.html,175,0,78
1712293486003,2887,online payments worldline-1,200,OK,Thread Group 1-68,text,true,,182890,182,31,31,https://worldline.com/en-in/home/main-navigation/solutions/merchants/online-payments.html,337,0,0
1712293486888,2139,online payments worldline,200,OK,Thread Group 1-70,text,true,,183243,364,30,30,https://worldline.com/en-in/home/main-navigation/solutions/merchants/online-payments.html,176,0,86
1712293486888,176,online payments worldline-0,301,Moved Permanently,Thread Group 1-70,,true,,376,182,30,30,http://worldline.com/en-in/home/main-navigation/solutions/merchants/online-payments.html,176,0,86
1712293487064,1963,online payments worldline-1,200,OK,Thread Group 1-70,text,true,,182867,182,30,30,https://worldline.com/en-in/home/main-navigation/solutions/merchants/online-payments.html,409,0,0
1712293487197,1831,online payments worldline,200,OK,Thread Group 1-6,text,true,,183251,364,30,30,https://worldline.com/en-in/home/main-navigation/solutions/merchants/online-payments.html,177,0,86
1712293487197,177,online payments worldline-0,301,Moved Permanently,Thread Group 1-6,,true,,376,182,30,30,http://worldline.com/en-in/home/main-navigation/solutions/merchants/online-payments.html,177,0,86
1712293487374,1654,online payments worldline-1,200,OK,Thread Group 1-6,text,true,,182875,182,30,30,https://worldline.com/en-in/home/main-navigation/solutions/merchants/online-payments.html,402,0,0
1712293486324,2756,online payments worldline,200,OK,Thread Group 1-98,text,true,,183283,364,28,28,https://worldline.com/en-in/home/main-navigation/solutions/merchants/online-payments.html,175,0,89
1712293486324,175,online payments worldline-0,301,Moved Permanently,Thread Group 1-98,,true,,376,182,28,28,http://worldline.com/en-in/home/main-navigation/solutions/merchants/online-payments.html,175,0,89
1712293486499,2581,online payments worldline-1,200,OK,Thread Group 1-98,text,true,,182907,182,28,28,https://worldline.com/en-in/home/main-navigation/solutions/merchants/online-payments.html,328,0,0
1712293487204,1878,online payments worldline,200,OK,Thread Group 1-88,text,true,,183252,364,27,27,https://worldline.com/en-in/home/main-navigation/solutions/merchants/online-payments.html,173,0,84
1712293487204,173,online payments worldline-0,301,Moved Permanently,Thread Group 1-88,,true,,376,182,27,27,http://worldline.com/en-in/home/main-navigation/solutions/merchants/online-payments.html,173,0,84
1712293487377,1705,online payments worldline-1,200,OK,Thread Group 1-88,text,true,,182876,182,27,27,https://worldline.com/en-in/home/main-navigation/solutions/merchants/online-payments.html,300,0,0
1712293485547,3640,online payments worldline,200,OK,Thread Group 1-77,text,true,,183265,364,26,26,https://worldline.com/en-in/home/main-navigation/solutions/merchants/online-payments.html,150,0,78
1712293485547,150,online payments worldline-0,301,Moved Permanently,Thread Group 1-77,,true,,376,182,26,26,http://worldline.com/en-in/home/main-navigation/solutions/merchants/online-payments.html,150,0,78
1712293485697,3490,online payments worldline-1,200,OK,Thread Group 1-77,text,true,,182889,182,26,26,https://worldline.com/en-in/home/main-navigation/solutions/merchants/online-payments.html,428,0,0
1712293487777,1411,online payments worldline,200,OK,Thread Group 1-9,text,true,,183267,364,25,25,https://worldline.com/en-in/home/main-navigation/solutions/merchants/online-payments.html,168,0,78
1712293487777,168,online payments worldline-0,301,Moved Permanently,Thread Group 1-9,,true,,376,182,25,25,http://worldline.com/en-in/home/main-navigation/solutions/merchants/online-payments.html,168,0,78
1712293487945,1243,online payments worldline-1,200,OK,Thread Group 1-9,text,true,,182891,182,25,25,https://worldline.com/en-in/home/main-navigation/solutions/merchants/online-payments.html,298,0,0
1712293487811,1406,online payments worldline,200,OK,Thread Group 1-59,text,true,,183252,364,24,24,https://worldline.com/en-in/home/main-navigation/solutions/merchants/online-payments.html,179,0,92
1712293487811,179,online payments worldline-0,301,Moved Permanently,Thread Group 1-59,,true,,376,182,24,24,http://worldline.com/en-in/home/main-navigation/solutions/merchants/online-payments.html,179,0,92
1712293487991,1226,online payments worldline-1,200,OK,Thread Group 1-59,text,true,,182876,182,24,24,https://worldline.com/en-in/home/main-navigation/solutions/merchants/online-payments.html,290,0,0
1712293487661,1599,online payments worldline,200,OK,Thread Group 1-74,text,true,,183274,364,23,23,https://worldline.com/en-in/home/main-navigation/solutions/merchants/online-payments.html,158,0,77
1712293487661,158,online payments worldline-0,301,Moved Permanently,Thread Group 1-74,,true,,376,182,23,23,http://worldline.com/en-in/home/main-navigation/solutions/merchants/online-payments.html,158,0,77
1712293487819,1441,online payments worldline-1,200,OK,Thread Group 1-74,text,true,,182898,182,23,23,https://worldline.com/en-in/home/main-navigation/solutions/merchants/online-payments.html,339,0,0
1712293487264,2007,online payments worldline,200,OK,Thread Group 1-60,text,true,,183329,364,22,22,https://worldline.com/en-in/home/main-navigation/solutions/merchants/online-payments.html,169,0,83
1712293487264,169,online payments worldline-0,301,Moved Permanently,Thread Group 1-60,,true,,376,182,22,22,http://worldline.com/en-in/home/main-navigation/solutions/merchants/online-payments.html,169,0,83
1712293487433,1838,online payments worldline-1,200,OK,Thread Group 1-60,text,true,,182953,182,22,22,https://worldline.com/en-in/home/main-navigation/solutions/merchants/online-payments.html,315,0,0
1712293485629,3649,online payments worldline,200,OK,Thread Group 1-56,text,true,,183197,364,21,21,https://worldline.com/en-in/home/main-navigation/solutions/merchants/online-payments.html,146,0,70
1712293485629,146,online payments worldline-0,301,Moved Permanently,Thread Group 1-56,,true,,376,182,21,21,http://worldline.com/en-in/home/main-navigation/solutions/merchants/online-payments.html,146,0,70
1712293485775,3503,online payments worldline-1,200,OK,Thread Group 1-56,text,true,,182821,182,21,21,https://worldline.com/en-in/home/main-navigation/solutions/merchants/online-payments.html,499,0,0
1712293487194,2094,online payments worldline,200,OK,Thread Group 1-65,text,true,,183283,364,20,20,https://worldline.com/en-in/home/main-navigation/solutions/merchants/online-payments.html,178,0,88
1712293487194,178,online payments worldline-0,301,Moved Permanently,Thread Group 1-65,,true,,376,182,20,20,http://worldline.com/en-in/home/main-navigation/solutions/merchants/online-payments.html,178,0,88
1712293487373,1915,online payments worldline-1,200,OK,Thread Group 1-65,text,true,,182907,182,20,20,https://worldline.com/en-in/home/main-navigation/solutions/merchants/online-payments.html,369,0,0
1712293487283,2013,online payments worldline,200,OK,Thread Group 1-94,text,true,,183276,364,19,19,https://worldline.com/en-in/home/main-navigation/solutions/merchants/online-payments.html,169,0,89
1712293487283,170,online payments worldline-0,301,Moved Permanently,Thread Group 1-94,,true,,376,182,19,19,http://worldline.com/en-in/home/main-navigation/solutions/merchants/online-payments.html,169,0,89
1712293487453,1843,online payments worldline-1,200,OK,Thread Group 1-94,text,true,,182900,182,19,19,https://worldline.com/en-in/home/main-navigation/solutions/merchants/online-payments.html,377,0,0
1712293487802,1499,online payments worldline,200,OK,Thread Group 1-33,text,true,,183267,364,18,18,https://worldline.com/en-in/home/main-navigation/solutions/merchants/online-payments.html,182,0,93
1712293487802,182,online payments worldline-0,301,Moved Permanently,Thread Group 1-33,,true,,376,182,18,18,http://worldline.com/en-in/home/main-navigation/solutions/merchants/online-payments.html,182,0,93
1712293487984,1317,online payments worldline-1,200,OK,Thread Group 1-33,text,true,,182891,182,18,18,https://worldline.com/en-in/home/main-navigation/solutions/merchants/online-payments.html,288,0,0
1712293487485,1826,online payments worldline,200,OK,Thread Group 1-67,text,true,,183259,364,17,17,https://worldline.com/en-in/home/main-navigation/solutions/merchants/online-payments.html,135,0,65
1712293487485,135,online payments worldline-0,301,Moved Permanently,Thread Group 1-67,,true,,376,182,17,17,http://worldline.com/en-in/home/main-navigation/solutions/merchants/online-payments.html,135,0,65
1712293487621,1690,online payments worldline-1,200,OK,Thread Group 1-67,text,true,,182883,182,17,17,https://worldline.com/en-in/home/main-navigation/solutions/merchants/online-payments.html,354,0,0
1712293488093,1236,online payments worldline,200,OK,Thread Group 1-16,text,true,,183321,364,16,16,https://worldline.com/en-in/home/main-navigation/solutions/merchants/online-payments.html,149,0,61
1712293488093,150,online payments worldline-0,301,Moved Permanently,Thread Group 1-16,,true,,376,182,16,16,http://worldline.com/en-in/home/main-navigation/solutions/merchants/online-payments.html,149,0,61
1712293488243,1086,online payments worldline-1,200,OK,Thread Group 1-16,text,true,,182945,182,16,16,https://worldline.com/en-in/home/main-navigation/solutions/merchants/online-payments.html,287,0,0
1712293486622,2720,online payments worldline,200,OK,Thread Group 1-75,text,true,,183338,364,15,15,https://worldline.com/en-in/home/main-navigation/solutions/merchants/online-payments.html,179,0,87
1712293486622,179,online payments worldline-0,301,Moved Permanently,Thread Group 1-75,,true,,376,182,15,15,http://worldline.com/en-in/home/main-navigation/solutions/merchants/online-payments.html,179,0,87
1712293486801,2541,online payments worldline-1,200,OK,Thread Group 1-75,text,true,,182962,182,15,15,https://worldline.com/en-in/home/main-navigation/solutions/merchants/online-payments.html,421,0,0
1712293487766,1606,online payments worldline,200,OK,Thread Group 1-22,text,true,,183282,364,14,14,https://worldline.com/en-in/home/main-navigation/solutions/merchants/online-payments.html,171,0,80
1712293487766,171,online payments worldline-0,301,Moved Permanently,Thread Group 1-22,,true,,376,182,14,14,http://worldline.com/en-in/home/main-navigation/solutions/merchants/online-payments.html,171,0,80
1712293487937,1435,online payments worldline-1,200,OK,Thread Group 1-22,text,true,,182906,182,14,14,https://worldline.com/en-in/home/main-navigation/solutions/merchants/online-payments.html,350,0,0
1712293488335,1049,online payments worldline,200,OK,Thread Group 1-87,text,true,,183329,364,13,13,https://worldline.com/en-in/home/main-navigation/solutions/merchants/online-payments.html,147,0,69
1712293488335,147,online payments worldline-0,301,Moved Permanently,Thread Group 1-87,,true,,376,182,13,13,http://worldline.com/en-in/home/main-navigation/solutions/merchants/online-payments.html,147,0,69
1712293488482,902,online payments worldline-1,200,OK,Thread Group 1-87,text,true,,182953,182,13,13,https://worldline.com/en-in/home/main-navigation/solutions/merchants/online-payments.html,255,0,0
1712293488100,1300,online payments worldline,200,OK,Thread Group 1-15,text,true,,183322,364,12,12,https://worldline.com/en-in/home/main-navigation/solutions/merchants/online-payments.html,143,0,58
1712293488100,143,online payments worldline-0,301,Moved Permanently,Thread Group 1-15,,true,,376,182,12,12,http://worldline.com/en-in/home/main-navigation/solutions/merchants/online-payments.html,143,0,58
1712293488243,1157,online payments worldline-1,200,OK,Thread Group 1-15,text,true,,182946,182,12,12,https://worldline.com/en-in/home/main-navigation/solutions/merchants/online-payments.html,300,0,0
1712293488059,1357,online payments worldline,200,OK,Thread Group 1-34,text,true,,183244,364,11,11,https://worldline.com/en-in/home/main-navigation/solutions/merchants/online-payments.html,120,0,60
1712293488059,120,online payments worldline-0,301,Moved Permanently,Thread Group 1-34,,true,,376,182,11,11,http://worldline.com/en-in/home/main-navigation/solutions/merchants/online-payments.html,120,0,60
1712293488180,1236,online payments worldline-1,200,OK,Thread Group 1-34,text,true,,182868,182,11,11,https://worldline.com/en-in/home/main-navigation/solutions/merchants/online-payments.html,304,0,0
1712293487545,1883,online payments worldline,200,OK,Thread Group 1-57,text,true,,183322,364,10,10,https://worldline.com/en-in/home/main-navigation/solutions/merchants/online-payments.html,143,0,68
1712293487545,143,online payments worldline-0,301,Moved Permanently,Thread Group 1-57,,true,,376,182,10,10,http://worldline.com/en-in/home/main-navigation/solutions/merchants/online-payments.html,143,0,68
1712293487688,1740,online payments worldline-1,200,OK,Thread Group 1-57,text,true,,182946,182,10,10,https://worldline.com/en-in/home/main-navigation/solutions/merchants/online-payments.html,554,0,0
1712293488061,1369,online payments worldline,200,OK,Thread Group 1-37,text,true,,183259,364,9,9,https://worldline.com/en-in/home/main-navigation/solutions/merchants/online-payments.html,124,0,61
1712293488061,124,online payments worldline-0,301,Moved Permanently,Thread Group 1-37,,true,,376,182,9,9,http://worldline.com/en-in/home/main-navigation/solutions/merchants/online-payments.html,124,0,61
1712293488185,1245,online payments worldline-1,200,OK,Thread Group 1-37,text,true,,182883,182,9,9,https://worldline.com/en-in/home/main-navigation/solutions/merchants/online-payments.html,302,0,0
1712293488859,639,online payments worldline,200,OK,Thread Group 1-49,text,true,,183251,364,8,8,https://worldline.com/en-in/home/main-navigation/solutions/merchants/online-payments.html,136,0,66
1712293488859,136,online payments worldline-0,301,Moved Permanently,Thread Group 1-49,,true,,376,182,8,8,http://worldline.com/en-in/home/main-navigation/solutions/merchants/online-payments.html,136,0,66
1712293488995,503,online payments worldline-1,200,OK,Thread Group 1-49,text,true,,182875,182,8,8,https://worldline.com/en-in/home/main-navigation/solutions/merchants/online-payments.html,246,0,0
1712293488243,1258,online payments worldline,200,OK,Thread Group 1-12,text,true,,183244,364,7,7,https://worldline.com/en-in/home/main-navigation/solutions/merchants/online-payments.html,129,0,66
1712293488243,129,online payments worldline-0,301,Moved Permanently,Thread Group 1-12,,true,,376,182,7,7,http://worldline.com/en-in/home/main-navigation/solutions/merchants/online-payments.html,129,0,66
1712293488373,1128,online payments worldline-1,200,OK,Thread Group 1-12,text,true,,182868,182,7,7,https://worldline.com/en-in/home/main-navigation/solutions/merchants/online-payments.html,366,0,0
1712293488583,926,online payments worldline,200,OK,Thread Group 1-29,text,true,,183267,364,6,6,https://worldline.com/en-in/home/main-navigation/solutions/merchants/online-payments.html,151,0,72
1712293488583,151,online payments worldline-0,301,Moved Permanently,Thread Group 1-29,,true,,376,182,6,6,http://worldline.com/en-in/home/main-navigation/solutions/merchants/online-payments.html,151,0,72
1712293488734,775,online payments worldline-1,200,OK,Thread Group 1-29,text,true,,182891,182,6,6,https://worldline.com/en-in/home/main-navigation/solutions/merchants/online-payments.html,300,0,0
1712293487847,1754,online payments worldline,200,OK,Thread Group 1-71,text,true,,183321,364,5,5,https://worldline.com/en-in/home/main-navigation/solutions/merchants/online-payments.html,1139,0,1069
1712293487847,1139,online payments worldline-0,301,Moved Permanently,Thread Group 1-71,,true,,376,182,5,5,http://worldline.com/en-in/home/main-navigation/solutions/merchants/online-payments.html,1139,0,1069
1712293488986,615,online payments worldline-1,200,OK,Thread Group 1-71,text,true,,182945,182,5,5,https://worldline.com/en-in/home/main-navigation/solutions/merchants/online-payments.html,286,0,0
1712293481273,15477,online payments worldline,200,OK,Thread Group 1-96,text,true,,183229,364,4,4,https://worldline.com/en-in/home/main-navigation/solutions/merchants/online-payments.html,15040,0,15032
1712293481273,15040,online payments worldline-0,301,Moved Permanently,Thread Group 1-96,,true,,376,182,4,4,http://worldline.com/en-in/home/main-navigation/solutions/merchants/online-payments.html,15040,0,15032
1712293496313,437,online payments worldline-1,200,OK,Thread Group 1-96,text,true,,182853,182,4,4,https://worldline.com/en-in/home/main-navigation/solutions/merchants/online-payments.html,213,0,0
1712293483142,15455,online payments worldline,200,OK,Thread Group 1-11,text,true,,183338,364,3,3,https://worldline.com/en-in/home/main-navigation/solutions/merchants/online-payments.html,15018,0,15010
1712293483142,15018,online payments worldline-0,301,Moved Permanently,Thread Group 1-11,,true,,376,182,3,3,http://worldline.com/en-in/home/main-navigation/solutions/merchants/online-payments.html,15018,0,15010
1712293498160,437,online payments worldline-1,200,OK,Thread Group 1-11,text,true,,182962,182,3,3,https://worldline.com/en-in/home/main-navigation/solutions/merchants/online-payments.html,206,0,0
1712293483152,17842,online payments worldline,200,OK,Thread Group 1-45,text,true,,183252,364,2,2,https://worldline.com/en-in/home/main-navigation/solutions/merchants/online-payments.html,15022,0,15015
1712293483152,15022,online payments worldline-0,301,Moved Permanently,Thread Group 1-45,,true,,376,182,2,2,http://worldline.com/en-in/home/main-navigation/solutions/merchants/online-payments.html,15022,0,15015
1712293498174,2820,online payments worldline-1,200,OK,Thread Group 1-45,text,true,,182876,182,2,2,https://worldline.com/en-in/home/main-navigation/solutions/merchants/online-payments.html,290,0,0
1712293484071,21562,online payments worldline,200,OK,Thread Group 1-4,text,true,,183267,364,1,1,https://worldline.com/en-in/home/main-navigation/solutions/merchants/online-payments.html,21033,0,21026
1712293484071,21033,online payments worldline-0,301,Moved Permanently,Thread Group 1-4,,true,,376,182,1,1,http://worldline.com/en-in/home/main-navigation/solutions/merchants/online-payments.html,21033,0,21026
1712293505104,529,online payments worldline-1,200,OK,Thread Group 1-4,text,true,,182891,182,1,1,https://worldline.com/en-in/home/main-navigation/solutions/merchants/online-payments.html,252,0,0
